id,snippet.topLevelComment.snippet.textDisplay,tone
2,Only Kangana Ranaut has guts to speak the truth ­čĹŹ,"{'document_tone': {'tones': [{'score': 0.618451, 'tone_id': 'confident', 'tone_name': 'Confident'}]}}"
3,sushant singh bhai's death is not a suicide its a murder .His loss makes me feel like i have lost half of my soul,"{'document_tone': {'tones': [{'score': 0.854252, 'tone_id': 'sadness', 'tone_name': 'Sadness'}, {'score': 0.523822, 'tone_id': 'analytical', 'tone_name': 'Analytical'}]}}"
4,"This is absolutely pre plan murder,it's not suicide ­čśş","{'document_tone': {'tones': [{'score': 0.928569, 'tone_id': 'confident', 'tone_name': 'Confident'}]}}"
5,"I honestly never liked any Bollywood actors no matter how big they were. I never liked their movies either because it was simply not my type at all. I only had respect for Irrfan Khan and Sushant Singh and now both of them are gone living us poorer. Believe me when I say this, the Indian film industry has suffered a great great loss, they'll think that there are many actors but no one will be as good as these late actors.  I really hope that Rajkumar Rao will survive and become big in Bollywood because in my opinion, he is the only one left who can save this failing film industry. Rest in peace Sushant Singh, so deeply loved and missed.","{'document_tone': {'tones': [{'score': 1.0, 'tone_id': 'sadness', 'tone_name': 'Sadness'}, {'score': 0.731445, 'tone_id': 'analytical', 'tone_name': 'Analytical'}, {'score': 0.651028, 'tone_id': 'tentative', 'tone_name': 'Tentative'}]}, 'sentences_tone': [{'sentence_id': 0, 'text': 'I honestly never liked any Bollywood actors no matter how big they were.', 'tones': [{'score': 0.507547, 'tone_id': 'sadness', 'tone_name': 'Sadness'}, {'score': 0.762356, 'tone_id': 'analytical', 'tone_name': 'Analytical'}]}, {'sentence_id': 1, 'text': 'I never liked their movies either because it was simply not my type at all.', 'tones': [{'score': 0.595102, 'tone_id': 'sadness', 'tone_name': 'Sadness'}, {'score': 0.842108, 'tone_id': 'analytical', 'tone_name': 'Analytical'}, {'score': 0.849827, 'tone_id': 'confident', 'tone_name': 'Confident'}]}, {'sentence_id': 2, 'text': 'I only had respect for Irrfan Khan and Sushant Singh and now both of them are gone living us poorer.', 'tones': [{'score': 0.618141, 'tone_id': 'sadness', 'tone_name': 'Sadness'}]}, {'sentence_id': 3, 'text': ""Believe me when I say this, the Indian film industry has suffered a great great loss, they'll think that there are many actors but no one will be as good as these late actors."", 'tones': [{'score': 0.715835, 'tone_id': 'sadness', 'tone_name': 'Sadness'}]}, {'sentence_id': 4, 'text': 'I really hope that Rajkumar Rao will survive and become big in Bollywood because in my opinion, he is the only one left who can save this failing film industry.', 'tones': [{'score': 0.529075, 'tone_id': 'sadness', 'tone_name': 'Sadness'}, {'score': 0.762356, 'tone_id': 'analytical', 'tone_name': 'Analytical'}, {'score': 0.779898, 'tone_id': 'tentative', 'tone_name': 'Tentative'}]}, {'sentence_id': 5, 'text': 'Rest in peace Sushant Singh, so deeply loved and missed.', 'tones': [{'score': 0.83096, 'tone_id': 'sadness', 'tone_name': 'Sadness'}]}]}"
6,It's a murder. Bollywood killed a brilliant actor. It's a shame!!!!,"{'document_tone': {'tones': []}, 'sentences_tone': [{'sentence_id': 0, 'text': ""It's a murder."", 'tones': [{'score': 0.931034, 'tone_id': 'fear', 'tone_name': 'Fear'}, {'score': 0.916667, 'tone_id': 'sadness', 'tone_name': 'Sadness'}, {'score': 0.931034, 'tone_id': 'anger', 'tone_name': 'Anger'}]}, {'sentence_id': 1, 'text': 'Bollywood killed a brilliant actor.', 'tones': []}, {'sentence_id': 2, 'text': ""It's a shame!!!!"", 'tones': [{'score': 0.931034, 'tone_id': 'fear', 'tone_name': 'Fear'}, {'score': 1.0, 'tone_id': 'sadness', 'tone_name': 'Sadness'}]}]}"
7,We need actors like Kangana to expose these elites,"{'document_tone': {'tones': [{'score': 0.5538, 'tone_id': 'tentative', 'tone_name': 'Tentative'}]}}"
8,He has been killed by Bollywood. We people liked him and wanted him happy and living. People stop watching B'wood movies and punish the industry for this murder,"{'document_tone': {'tones': [{'score': 0.592674, 'tone_id': 'anger', 'tone_name': 'Anger'}]}, 'sentences_tone': [{'sentence_id': 0, 'text': 'He has been killed by Bollywood.', 'tones': []}, {'sentence_id': 1, 'text': 'We people liked him and wanted him happy and living.', 'tones': [{'score': 0.841619, 'tone_id': 'joy', 'tone_name': 'Joy'}]}, {'sentence_id': 2, 'text': ""People stop watching B'wood movies and punish the industry for this murder"", 'tones': [{'score': 0.599897, 'tone_id': 'anger', 'tone_name': 'Anger'}]}]}"
9,"When my sister first told me he died and didnÔÇÖt leave a suicide note, I KNEW this has got to be a murder. After seeing most of his interviews and hearing about his dreams, I think my suspicion is confirmed. Also it doesnÔÇÖt look like he hanged himself, it looks like someone strangled him. The lines on his neck are in the middle and not near the jaw where they would be if he were hanging from the ceiling. Look into this matter properly.","{'document_tone': {'tones': [{'score': 0.576017, 'tone_id': 'sadness', 'tone_name': 'Sadness'}, {'score': 0.796763, 'tone_id': 'analytical', 'tone_name': 'Analytical'}, {'score': 0.830474, 'tone_id': 'tentative', 'tone_name': 'Tentative'}]}, 'sentences_tone': [{'sentence_id': 0, 'text': 'When my sister first told me he died and didnÔÇÖt leave a suicide note, I KNEW this has got to be a murder.', 'tones': [{'score': 0.763201, 'tone_id': 'sadness', 'tone_name': 'Sadness'}]}, {'sentence_id': 1, 'text': 'After seeing most of his interviews and hearing about his dreams, I think my suspicion is confirmed.', 'tones': [{'score': 0.855572, 'tone_id': 'analytical', 'tone_name': 'Analytical'}, {'score': 0.58393, 'tone_id': 'tentative', 'tone_name': 'Tentative'}]}, {'sentence_id': 2, 'text': 'Also it doesnÔÇÖt look like he hanged himself, it looks like someone strangled him.', 'tones': [{'score': 0.91961, 'tone_id': 'tentative', 'tone_name': 'Tentative'}]}, {'sentence_id': 3, 'text': 'The lines on his neck are in the middle and not near the jaw where they would be if he were hanging from the ceiling.', 'tones': [{'score': 0.501764, 'tone_id': 'anger', 'tone_name': 'Anger'}]}, {'sentence_id': 4, 'text': 'Look into this matter properly.', 'tones': [{'score': 0.972214, 'tone_id': 'analytical', 'tone_name': 'Analytical'}]}]}"
10,We lost all rounder prince of India. He had uncountable knowledge and intellectual power. But cruel people finished him  ­čś×­čśş­čśş,"{'document_tone': {'tones': [{'score': 0.699402, 'tone_id': 'sadness', 'tone_name': 'Sadness'}, {'score': 0.922197, 'tone_id': 'confident', 'tone_name': 'Confident'}, {'score': 0.551743, 'tone_id': 'analytical', 'tone_name': 'Analytical'}]}, 'sentences_tone': [{'sentence_id': 0, 'text': 'We lost all rounder prince of India.', 'tones': [{'score': 0.753283, 'tone_id': 'sadness', 'tone_name': 'Sadness'}, {'score': 0.92125, 'tone_id': 'confident', 'tone_name': 'Confident'}]}, {'sentence_id': 1, 'text': 'He had uncountable knowledge and intellectual power.', 'tones': [{'score': 0.801827, 'tone_id': 'analytical', 'tone_name': 'Analytical'}]}, {'sentence_id': 2, 'text': 'But cruel people finished him  \xadčś×\xadčśş\xadčśş', 'tones': [{'score': 0.57585, 'tone_id': 'sadness', 'tone_name': 'Sadness'}]}]}"
11,"These people should be criminally charged,or bullying will never stop.Sushant should get Justice ­čÖĆ","{'document_tone': {'tones': [{'score': 0.529251, 'tone_id': 'sadness', 'tone_name': 'Sadness'}]}}"
12,"Yes, he was a threat to them as he really was a talented and genuine actor. He had a mesmerizing smile.","{'document_tone': {'tones': [{'score': 0.733548, 'tone_id': 'joy', 'tone_name': 'Joy'}, {'score': 0.573521, 'tone_id': 'analytical', 'tone_name': 'Analytical'}, {'score': 0.818552, 'tone_id': 'confident', 'tone_name': 'Confident'}]}, 'sentences_tone': [{'sentence_id': 0, 'text': 'Yes, he was a threat to them as he really was a talented and genuine actor.', 'tones': [{'score': 0.588628, 'tone_id': 'fear', 'tone_name': 'Fear'}, {'score': 0.506763, 'tone_id': 'analytical', 'tone_name': 'Analytical'}]}, {'sentence_id': 1, 'text': 'He had a mesmerizing smile.', 'tones': [{'score': 0.995826, 'tone_id': 'joy', 'tone_name': 'Joy'}]}]}"
13,"I remember a interview of Sushant when he said "" I feel awkward when I dont get award for MS Dhoni"" so sad a talent left","{'document_tone': {'tones': [{'score': 0.82324, 'tone_id': 'sadness', 'tone_name': 'Sadness'}]}}"
14,"Damn right it was murder. Sushant had more talent and drive than most of these loser bollywood elites. He was a intelligent, talented and caring human being. I don't understand why it's always the good ones that die young.","{'document_tone': {'tones': [{'score': 0.511212, 'tone_id': 'anger', 'tone_name': 'Anger'}, {'score': 0.6633, 'tone_id': 'confident', 'tone_name': 'Confident'}]}, 'sentences_tone': [{'sentence_id': 0, 'text': 'Damn right it was murder.', 'tones': [{'score': 0.722526, 'tone_id': 'anger', 'tone_name': 'Anger'}]}, {'sentence_id': 1, 'text': 'Sushant had more talent and drive than most of these loser bollywood elites.', 'tones': []}, {'sentence_id': 2, 'text': 'He was a intelligent, talented and caring human being.', 'tones': []}, {'sentence_id': 3, 'text': ""I don't understand why it's always the good ones that die young."", 'tones': [{'score': 0.574528, 'tone_id': 'sadness', 'tone_name': 'Sadness'}, {'score': 0.80026, 'tone_id': 'confident', 'tone_name': 'Confident'}, {'score': 0.620279, 'tone_id': 'analytical', 'tone_name': 'Analytical'}]}]}"
15,shushant singh rajput was so sharp .... a real innocent BIHARI .... he was full of talent whether academics .... arts science  movies or any other ... i wonder why he chose the entertainment industry .... he was meant for the things bigger n brighter ... not the cheap ... bollywood .... this industry killed a young  innocent gentleman ...,"{'document_tone': {'tones': [{'score': 0.607483, 'tone_id': 'joy', 'tone_name': 'Joy'}]}}"
16,It is a murder! Someone killed him! We want justice ÔťŐ­čĆ╗,"{'document_tone': {'tones': [{'score': 0.556803, 'tone_id': 'anger', 'tone_name': 'Anger'}, {'score': 0.966403, 'tone_id': 'tentative', 'tone_name': 'Tentative'}]}, 'sentences_tone': [{'sentence_id': 0, 'text': 'It is a murder!', 'tones': [{'score': 0.931034, 'tone_id': 'anger', 'tone_name': 'Anger'}, {'score': 0.916667, 'tone_id': 'sadness', 'tone_name': 'Sadness'}, {'score': 0.931034, 'tone_id': 'fear', 'tone_name': 'Fear'}]}, {'sentence_id': 1, 'text': 'Someone killed him!', 'tones': [{'score': 0.577009, 'tone_id': 'anger', 'tone_name': 'Anger'}, {'score': 0.994446, 'tone_id': 'tentative', 'tone_name': 'Tentative'}]}, {'sentence_id': 2, 'text': 'We want justice ÔťŐ\xadčĆ╗', 'tones': [{'score': 0.659684, 'tone_id': 'sadness', 'tone_name': 'Sadness'}]}]}"
17,He Will Never Commit Suicide.. He's A Great Actor,"{'document_tone': {'tones': [{'score': 0.837148, 'tone_id': 'joy', 'tone_name': 'Joy'}]}}"
18,"He is much more talented and clever than most Bollywood actors, even  compared to  Salman and Sharuk this actor is a raw talent. Really a big loss. Shame on those who belittled him.","{'document_tone': {'tones': [{'score': 0.702196, 'tone_id': 'sadness', 'tone_name': 'Sadness'}, {'score': 0.890302, 'tone_id': 'tentative', 'tone_name': 'Tentative'}, {'score': 0.915571, 'tone_id': 'analytical', 'tone_name': 'Analytical'}]}, 'sentences_tone': [{'sentence_id': 0, 'text': 'He is much more talented and clever than most Bollywood actors, even  compared to  Salman and Sharuk this actor is a raw talent.', 'tones': [{'score': 0.659112, 'tone_id': 'tentative', 'tone_name': 'Tentative'}, {'score': 0.802462, 'tone_id': 'analytical', 'tone_name': 'Analytical'}]}, {'sentence_id': 1, 'text': 'Really a big loss.', 'tones': [{'score': 0.823031, 'tone_id': 'sadness', 'tone_name': 'Sadness'}, {'score': 0.920855, 'tone_id': 'analytical', 'tone_name': 'Analytical'}]}, {'sentence_id': 2, 'text': 'Shame on those who belittled him.', 'tones': [{'score': 0.527756, 'tone_id': 'sadness', 'tone_name': 'Sadness'}]}]}"
19,"We need to change. We need to promote and support guys like Sushant, not the so called A long time actors.  We will miss this excellent Actor. RIP","{'document_tone': {'tones': [{'score': 0.705914, 'tone_id': 'sadness', 'tone_name': 'Sadness'}, {'score': 0.586281, 'tone_id': 'tentative', 'tone_name': 'Tentative'}]}, 'sentences_tone': [{'sentence_id': 0, 'text': 'We need to change.', 'tones': []}, {'sentence_id': 1, 'text': 'We need to promote and support guys like Sushant, not the so called A long time actors.', 'tones': []}, {'sentence_id': 2, 'text': 'We will miss this excellent Actor.', 'tones': [{'score': 0.732768, 'tone_id': 'sadness', 'tone_name': 'Sadness'}]}, {'sentence_id': 3, 'text': 'RIP', 'tones': []}]}"
20,Good intelligent skilled people are always pulled down....The jealousy fear and hatredness  kills them badly,"{'document_tone': {'tones': [{'score': 0.82706, 'tone_id': 'fear', 'tone_name': 'Fear'}, {'score': 0.704642, 'tone_id': 'confident', 'tone_name': 'Confident'}]}}"
21,"Hypocrite, Horrible, shameful, disgraceful people who have put him in this situation­čś¬",{'document_tone': {'tones': []}}
22,After this guy's deaths things will never change in Bollywood.  Some of the top level want to rule,"{'document_tone': {'tones': [{'score': 0.639732, 'tone_id': 'sadness', 'tone_name': 'Sadness'}, {'score': 0.695095, 'tone_id': 'tentative', 'tone_name': 'Tentative'}]}, 'sentences_tone': [{'sentence_id': 0, 'text': ""After this guy's deaths things will never change in Bollywood."", 'tones': [{'score': 0.703972, 'tone_id': 'sadness', 'tone_name': 'Sadness'}, {'score': 0.618451, 'tone_id': 'confident', 'tone_name': 'Confident'}]}, {'sentence_id': 1, 'text': 'Some of the top level want to rule', 'tones': [{'score': 0.506763, 'tone_id': 'analytical', 'tone_name': 'Analytical'}, {'score': 0.868364, 'tone_id': 'tentative', 'tone_name': 'Tentative'}]}]}"
23,­čÖĆ­čĆ╗­čĽ»´ŞĆ­čĽ»´ŞĆJUSTICE For Sushant Sir... ­čÖĆ­čĆ╗­čĽ»´ŞĆ­čĽ»´ŞĆ,{'document_tone': {'tones': []}}
24,I swear to God I Will never enter a theater to watch a movie of these products of nepotism hell with all these Varun alia Karan tiger ..hell with them all.sushant didn't deserve this never seen such a brilliant actor with such a genius mind,"{'document_tone': {'tones': [{'score': 0.524959, 'tone_id': 'anger', 'tone_name': 'Anger'}, {'score': 0.955886, 'tone_id': 'confident', 'tone_name': 'Confident'}]}, 'sentences_tone': [{'sentence_id': 0, 'text': 'I swear to God I Will never enter a theater to watch a movie of these products of nepotism hell with all these Varun alia Karan tiger ..hell with them all.sushant', 'tones': [{'score': 0.757798, 'tone_id': 'anger', 'tone_name': 'Anger'}, {'score': 0.780589, 'tone_id': 'confident', 'tone_name': 'Confident'}]}, {'sentence_id': 1, 'text': ""didn't deserve this never seen such a brilliant actor with such a genius mind"", 'tones': [{'score': 0.776897, 'tone_id': 'joy', 'tone_name': 'Joy'}]}]}"
25,I agree Bollywood sucks  Ban nepotism.,"{'document_tone': {'tones': [{'score': 0.610649, 'tone_id': 'anger', 'tone_name': 'Anger'}]}}"
26,Such a disturbing incident this is. Can't be out of it.,"{'document_tone': {'tones': []}, 'sentences_tone': [{'sentence_id': 0, 'text': 'Such a disturbing incident this is.', 'tones': []}, {'sentence_id': 1, 'text': ""Can't be out of it."", 'tones': []}]}"
27,There is still some mystery with his girlfriend. He already had many movies in hand and a fantastic talent.,"{'document_tone': {'tones': [{'score': 0.714297, 'tone_id': 'joy', 'tone_name': 'Joy'}, {'score': 0.96195, 'tone_id': 'tentative', 'tone_name': 'Tentative'}]}, 'sentences_tone': [{'sentence_id': 0, 'text': 'There is still some mystery with his girlfriend.', 'tones': [{'score': 0.961411, 'tone_id': 'tentative', 'tone_name': 'Tentative'}]}, {'sentence_id': 1, 'text': 'He already had many movies in hand and a fantastic talent.', 'tones': [{'score': 0.802122, 'tone_id': 'joy', 'tone_name': 'Joy'}]}]}"
28,If you see any event s/parties of Bollywood... Sushant always remained unseen.. because no one invited him,"{'document_tone': {'tones': [{'score': 0.762356, 'tone_id': 'analytical', 'tone_name': 'Analytical'}]}}"
29,It's a murder 100percent,"{'document_tone': {'tones': [{'score': 0.595413, 'tone_id': 'sadness', 'tone_name': 'Sadness'}]}}"
30,"""Searching for library in a fish market"". ­čĹŹ","{'document_tone': {'tones': []}, 'sentences_tone': [{'sentence_id': 0, 'text': '""Searching for library in a fish market"".', 'tones': []}, {'sentence_id': 1, 'text': '\xadčĹŹ', 'tones': []}]}"
31,"Look at this sceaming, sniving puppet of Karan Johar, Komal nahta trying to defend his master","{'document_tone': {'tones': [{'score': 0.891685, 'tone_id': 'analytical', 'tone_name': 'Analytical'}]}}"
32,Komal nahta is a paid pr so he will say whatever his fathers want.,{'document_tone': {'tones': []}}
33,How dare Komal Nahta can justify Nepotism ??? It's heights .. he knows everything about the industry !!!,"{'document_tone': {'tones': [{'score': 0.664276, 'tone_id': 'anger', 'tone_name': 'Anger'}, {'score': 0.882284, 'tone_id': 'analytical', 'tone_name': 'Analytical'}]}}"
34,"Bollywood failed to understand and use Sushanth's Caliber. He was a real gem, all-rounder and a good human being. May God give his father and other family members to bear their greatest loss.","{'document_tone': {'tones': [{'score': 0.541611, 'tone_id': 'sadness', 'tone_name': 'Sadness'}, {'score': 0.51835, 'tone_id': 'tentative', 'tone_name': 'Tentative'}]}, 'sentences_tone': [{'sentence_id': 0, 'text': ""Bollywood failed to understand and use Sushanth's Caliber."", 'tones': [{'score': 0.57221, 'tone_id': 'sadness', 'tone_name': 'Sadness'}, {'score': 0.762356, 'tone_id': 'analytical', 'tone_name': 'Analytical'}]}, {'sentence_id': 1, 'text': 'He was a real gem, all-rounder and a good human being.', 'tones': [{'score': 0.751946, 'tone_id': 'joy', 'tone_name': 'Joy'}, {'score': 0.579436, 'tone_id': 'confident', 'tone_name': 'Confident'}]}, {'sentence_id': 2, 'text': 'May God give his father and other family members to bear their greatest loss.', 'tones': [{'score': 0.533102, 'tone_id': 'sadness', 'tone_name': 'Sadness'}, {'score': 0.681699, 'tone_id': 'tentative', 'tone_name': 'Tentative'}]}]}"
35,Sushant was a huge threat to other actors. They made him feel left out. Why did you make them win Sushanth...why.... That is what they wanted... For you to disappear. And you left us. Why....,"{'document_tone': {'tones': [{'score': 0.607197, 'tone_id': 'joy', 'tone_name': 'Joy'}, {'score': 0.654023, 'tone_id': 'fear', 'tone_name': 'Fear'}, {'score': 0.609297, 'tone_id': 'sadness', 'tone_name': 'Sadness'}]}, 'sentences_tone': [{'sentence_id': 0, 'text': 'Sushant was a huge threat to other actors.', 'tones': [{'score': 0.830834, 'tone_id': 'fear', 'tone_name': 'Fear'}]}, {'sentence_id': 1, 'text': 'They made him feel left out.', 'tones': [{'score': 0.75152, 'tone_id': 'tentative', 'tone_name': 'Tentative'}]}, {'sentence_id': 2, 'text': 'Why did you make them win Sushanth...why....', 'tones': [{'score': 0.842824, 'tone_id': 'joy', 'tone_name': 'Joy'}]}, {'sentence_id': 3, 'text': 'That is what they wanted...', 'tones': [{'score': 0.916667, 'tone_id': 'sadness', 'tone_name': 'Sadness'}]}, {'sentence_id': 4, 'text': 'For you to disappear.', 'tones': [{'score': 0.931034, 'tone_id': 'fear', 'tone_name': 'Fear'}]}, {'sentence_id': 5, 'text': 'And you left us.', 'tones': [{'score': 0.676482, 'tone_id': 'sadness', 'tone_name': 'Sadness'}]}, {'sentence_id': 6, 'text': 'Why....', 'tones': []}]}"
36,"boycott starkids from today onwards, then we can say we as a society achieved something, debates are for only remembering him for 2 days.","{'document_tone': {'tones': [{'score': 0.702145, 'tone_id': 'analytical', 'tone_name': 'Analytical'}]}}"
37,"If Sushant was my son, I would've advice him to take his scholarship and further his studies, for when you have an education, no one can take that away from you and you get respect from others....my heart goes out to this family....from USA","{'document_tone': {'tones': [{'score': 0.593611, 'tone_id': 'analytical', 'tone_name': 'Analytical'}]}}"
38,They promote that tiger shroff who looks like a girl..and does not endorse outsiders,{'document_tone': {'tones': []}}
39,These people are not able to feel guilty. It's not in their DNA.,"{'document_tone': {'tones': [{'score': 0.66293, 'tone_id': 'sadness', 'tone_name': 'Sadness'}, {'score': 0.84639, 'tone_id': 'tentative', 'tone_name': 'Tentative'}]}, 'sentences_tone': [{'sentence_id': 0, 'text': 'These people are not able to feel guilty.', 'tones': [{'score': 0.704403, 'tone_id': 'sadness', 'tone_name': 'Sadness'}, {'score': 0.615352, 'tone_id': 'tentative', 'tone_name': 'Tentative'}]}, {'sentence_id': 1, 'text': ""It's not in their DNA."", 'tones': []}]}"
40,"Hats off to you for your brilliant comments I cried hearing you, and supporting Sushant","{'document_tone': {'tones': [{'score': 0.760568, 'tone_id': 'sadness', 'tone_name': 'Sadness'}]}}"
41,It's not bollywood it's Fallywood....gone to ashes,"{'document_tone': {'tones': [{'score': 0.547455, 'tone_id': 'sadness', 'tone_name': 'Sadness'}]}}"
42,I strongly  doubt its a Suicide...  it might be some Conspiracy to murder a Talented Actor Sushant Singh Rajput ­čśą­čśą­čśą,"{'document_tone': {'tones': [{'score': 0.649532, 'tone_id': 'sadness', 'tone_name': 'Sadness'}, {'score': 0.909883, 'tone_id': 'tentative', 'tone_name': 'Tentative'}]}}"
43,I love #kangana always!!! So proud of her that she is standing for #sushantsinghrajput.,"{'document_tone': {'tones': [{'score': 0.982519, 'tone_id': 'joy', 'tone_name': 'Joy'}, {'score': 0.962182, 'tone_id': 'confident', 'tone_name': 'Confident'}]}, 'sentences_tone': [{'sentence_id': 0, 'text': 'I love #kangana always!!!', 'tones': [{'score': 0.961255, 'tone_id': 'joy', 'tone_name': 'Joy'}, {'score': 0.97759, 'tone_id': 'confident', 'tone_name': 'Confident'}]}, {'sentence_id': 1, 'text': 'So proud of her that she is standing for #sushantsinghrajput.', 'tones': [{'score': 0.921315, 'tone_id': 'joy', 'tone_name': 'Joy'}]}]}"
44,I personally believe that people with creative genius should not be restricted by contracts.  Bollywood bigwigs.. shame on all these hypocrites who didn't reward #Sushantsingrajput for superlative performances over the years but are now paying rich tributes and showering appreciation for the life snuffed in its prime.  Shame the jury and the film fraternity too that collectively rated  mediocre films like Gully boy instead of Chichore to be India's best film nomination deserving awards and accolades. #Nepotism and groupism stifling deserving actors and promising talent  #bollywoodblockedsushant­čÖĆ,"{'document_tone': {'tones': []}, 'sentences_tone': [{'sentence_id': 0, 'text': 'I personally believe that people with creative genius should not be restricted by contracts.', 'tones': [{'score': 0.681699, 'tone_id': 'tentative', 'tone_name': 'Tentative'}]}, {'sentence_id': 1, 'text': ""Bollywood bigwigs.. shame on all these hypocrites who didn't reward #Sushantsingrajput for superlative performances over the years but are now paying rich tributes and showering appreciation for the life snuffed in its prime."", 'tones': [{'score': 0.540929, 'tone_id': 'joy', 'tone_name': 'Joy'}]}, {'sentence_id': 2, 'text': ""Shame the jury and the film fraternity too that collectively rated  mediocre films like Gully boy instead of Chichore to be India's best film nomination deserving awards and accolades."", 'tones': []}, {'sentence_id': 3, 'text': '#Nepotism and groupism stifling deserving actors and promising talent  #bollywoodblockedsushant\xadčÖĆ', 'tones': []}]}"
45,"I think if he was married and had a family, he wouldn't think of killing himself.","{'document_tone': {'tones': [{'score': 0.970179, 'tone_id': 'analytical', 'tone_name': 'Analytical'}]}}"
46,He should get justice May God bless  your soul,"{'document_tone': {'tones': [{'score': 0.77456, 'tone_id': 'joy', 'tone_name': 'Joy'}, {'score': 0.856622, 'tone_id': 'tentative', 'tone_name': 'Tentative'}]}}"
47,lets take an oath never to watch Karan Johar's movies. Its high time we come to our senses and appreciate real talent.,"{'document_tone': {'tones': [{'score': 0.508388, 'tone_id': 'joy', 'tone_name': 'Joy'}, {'score': 0.551743, 'tone_id': 'analytical', 'tone_name': 'Analytical'}, {'score': 0.922197, 'tone_id': 'confident', 'tone_name': 'Confident'}]}, 'sentences_tone': [{'sentence_id': 0, 'text': ""lets take an oath never to watch Karan Johar's movies."", 'tones': [{'score': 0.618451, 'tone_id': 'confident', 'tone_name': 'Confident'}]}, {'sentence_id': 1, 'text': 'Its high time we come to our senses and appreciate real talent.', 'tones': [{'score': 0.620279, 'tone_id': 'analytical', 'tone_name': 'Analytical'}, {'score': 0.543112, 'tone_id': 'confident', 'tone_name': 'Confident'}]}]}"
48,After some years there will be no trust on Indian media and news channel 50% cause of depression this media brings for public ...All India radio and news paper days will be back again,"{'document_tone': {'tones': [{'score': 0.860208, 'tone_id': 'sadness', 'tone_name': 'Sadness'}]}}"
49,aditya chopra is another elephant in the room,{'document_tone': {'tones': []}}
50,"If they think they have succeeded in killing they too should waiting for their own turn, every one is going one way or the other.","{'document_tone': {'tones': [{'score': 0.632275, 'tone_id': 'analytical', 'tone_name': 'Analytical'}]}}"
51,He was young talented n outstanding so they are scare that this middle class boy would go beyond them thats why they finish him off.....,"{'document_tone': {'tones': [{'score': 0.575514, 'tone_id': 'fear', 'tone_name': 'Fear'}]}}"
52,#BanSalmanKhan #BanKaranJorar 80% Swach Bollywood,{'document_tone': {'tones': []}}
53,Bollywood is the killer nd only bollywood is the killer#justice for sushant singh rajput­čÖĆ­čÖĆ­čÖĆ­čÖĆ­čÖĆ,"{'document_tone': {'tones': [{'score': 0.568036, 'tone_id': 'sadness', 'tone_name': 'Sadness'}]}}"
54,"First throw Karan johar out, things would start settling.",{'document_tone': {'tones': []}}
55,"Bollywood is dominated by North Indians.( Delhi Punjab) Very less chance untill you dont have- Kapoor, chopra, khanna, Khan behind your name    time to boycott the family legacy based indian film industry","{'document_tone': {'tones': [{'score': 0.522838, 'tone_id': 'sadness', 'tone_name': 'Sadness'}]}, 'sentences_tone': [{'sentence_id': 0, 'text': 'Bollywood is dominated by North Indians.(', 'tones': []}, {'sentence_id': 1, 'text': 'Delhi Punjab) Very less chance untill you dont have- Kapoor, chopra, khanna, Khan behind your name    time to boycott the family legacy based indian film industry', 'tones': []}]}"
56,Komal Nahta is talking as if he is on the pay check of those Bollywood cliques. He still doesnt get it or pretends not to get it. Shameful.,"{'document_tone': {'tones': [{'score': 0.96741, 'tone_id': 'analytical', 'tone_name': 'Analytical'}, {'score': 0.84639, 'tone_id': 'tentative', 'tone_name': 'Tentative'}]}, 'sentences_tone': [{'sentence_id': 0, 'text': 'Komal Nahta is talking as if he is on the pay check of those Bollywood cliques.', 'tones': [{'score': 0.762356, 'tone_id': 'analytical', 'tone_name': 'Analytical'}]}, {'sentence_id': 1, 'text': 'He still doesnt get it or pretends not to get it.', 'tones': [{'score': 0.955445, 'tone_id': 'analytical', 'tone_name': 'Analytical'}, {'score': 0.856622, 'tone_id': 'tentative', 'tone_name': 'Tentative'}]}, {'sentence_id': 2, 'text': 'Shameful.', 'tones': [{'score': 0.916667, 'tone_id': 'sadness', 'tone_name': 'Sadness'}]}]}"
57,"Waste to watch bollywood movies today, such a fact of bollywood","{'document_tone': {'tones': [{'score': 0.862286, 'tone_id': 'analytical', 'tone_name': 'Analytical'}, {'score': 0.825035, 'tone_id': 'confident', 'tone_name': 'Confident'}]}}"
58,"This is very sad, someone who is so positive! how can he did an act like this? something happen definitly, I have a brilliant career even if I am depress I have the ability to see the best of doctor, I am successful, I am a star who are known over the world, I am rich and suddenly I decide to hang myself!. There are no logic in this, I think it could be a calculated murder. No human can accept this as a suicide. It is always the same kind of death for the bollywood actors and actress like Jia Khan, Pratyusha Banerjy, Jayalaxmi Reddy, Nafisa Joseph, Archana Pandey, kushal punjabi, all these and many more hanging from ceiling fan and all are the same kind of suicide with no cause and cremation are done very fast. very strange!","{'document_tone': {'tones': [{'score': 0.684921, 'tone_id': 'sadness', 'tone_name': 'Sadness'}, {'score': 0.695854, 'tone_id': 'confident', 'tone_name': 'Confident'}, {'score': 0.7157, 'tone_id': 'analytical', 'tone_name': 'Analytical'}]}, 'sentences_tone': [{'sentence_id': 0, 'text': 'This is very sad, someone who is so positive!', 'tones': [{'score': 0.900355, 'tone_id': 'sadness', 'tone_name': 'Sadness'}, {'score': 0.874372, 'tone_id': 'confident', 'tone_name': 'Confident'}]}, {'sentence_id': 1, 'text': 'how can he did an act like this? something happen definitly, I have a brilliant career even if I am depress I have the ability to see the best of doctor, I am successful, I am a star who are known over the world, I am rich and suddenly I decide to hang myself!.', 'tones': [{'score': 0.509127, 'tone_id': 'joy', 'tone_name': 'Joy'}, {'score': 0.666746, 'tone_id': 'analytical', 'tone_name': 'Analytical'}]}, {'sentence_id': 2, 'text': 'There are no logic in this, I think it could be a calculated murder.', 'tones': [{'score': 0.681699, 'tone_id': 'tentative', 'tone_name': 'Tentative'}, {'score': 0.821444, 'tone_id': 'analytical', 'tone_name': 'Analytical'}]}, {'sentence_id': 3, 'text': 'No human can accept this as a suicide.', 'tones': [{'score': 0.881966, 'tone_id': 'sadness', 'tone_name': 'Sadness'}, {'score': 0.762356, 'tone_id': 'analytical', 'tone_name': 'Analytical'}]}, {'sentence_id': 4, 'text': 'It is always the same kind of death for the bollywood actors and actress like Jia Khan, Pratyusha Banerjy, Jayalaxmi Reddy, Nafisa Joseph, Archana Pandey, kushal punjabi, all these and many more hanging from ceiling fan and all are the same kind of suicide with no cause and cremation are done very fast.', 'tones': [{'score': 0.548352, 'tone_id': 'sadness', 'tone_name': 'Sadness'}]}, {'sentence_id': 5, 'text': 'very strange!', 'tones': [{'score': 0.996934, 'tone_id': 'confident', 'tone_name': 'Confident'}]}]}"
59,"It's a murder,sir!",{'document_tone': {'tones': []}}
60,"Yes we saw this bullying of talented actors during recent BigBoss also, I mean how articles were written, false allegations were made blaming Siddharth Shukla being a drug addict & having undergone treatment & what not.......we are glad that ppl didn't let him down & voted for the right talent who entertained us & not chelas of Bollywood's shameless dadagiri wala egoistic bhai, who can finish off any actors carrier if they mess with him. Dangerous D gang cabal indeed­čÖä","{'document_tone': {'tones': []}, 'sentences_tone': [{'sentence_id': 0, 'text': ""Yes we saw this bullying of talented actors during recent BigBoss also, I mean how articles were written, false allegations were made blaming Siddharth Shukla being a drug addict & having undergone treatment & what not.......we are glad that ppl didn't let him down & voted for the right talent who entertained us & not chelas of Bollywood's shameless dadagiri wala egoistic bhai, who can finish off any actors carrier if they mess with him."", 'tones': []}, {'sentence_id': 1, 'text': 'Dangerous D gang cabal indeed\xadčÖä', 'tones': [{'score': 0.738445, 'tone_id': 'fear', 'tone_name': 'Fear'}, {'score': 0.620279, 'tone_id': 'analytical', 'tone_name': 'Analytical'}, {'score': 0.942582, 'tone_id': 'confident', 'tone_name': 'Confident'}]}]}"
61,There must be a privileged club in Times Now as an organization also. The anchor is a part of that club.,"{'document_tone': {'tones': [{'score': 0.818552, 'tone_id': 'confident', 'tone_name': 'Confident'}]}, 'sentences_tone': [{'sentence_id': 0, 'text': 'There must be a privileged club in Times Now as an organization also.', 'tones': [{'score': 0.509368, 'tone_id': 'confident', 'tone_name': 'Confident'}]}, {'sentence_id': 1, 'text': 'The anchor is a part of that club.', 'tones': []}]}"
62,How sad what a SAD STORY. ­čśóGOD IS WATCHING,"{'document_tone': {'tones': [{'score': 0.888555, 'tone_id': 'sadness', 'tone_name': 'Sadness'}]}, 'sentences_tone': [{'sentence_id': 0, 'text': 'How sad what a SAD STORY.', 'tones': [{'score': 0.906009, 'tone_id': 'sadness', 'tone_name': 'Sadness'}]}, {'sentence_id': 1, 'text': '\xadčśóGOD IS WATCHING', 'tones': [{'score': 0.588935, 'tone_id': 'joy', 'tone_name': 'Joy'}]}]}"
63,there was a time before karan when we had a great actress sridevi and bollywood was great at that time but then karan came and ruined the bollywood industry,"{'document_tone': {'tones': [{'score': 0.671296, 'tone_id': 'joy', 'tone_name': 'Joy'}]}}"
64,someone care to spend a moment to think of the soldiers on the border putting their lives on line to protect us?,"{'document_tone': {'tones': [{'score': 0.501963, 'tone_id': 'sadness', 'tone_name': 'Sadness'}, {'score': 0.8152, 'tone_id': 'analytical', 'tone_name': 'Analytical'}]}}"
65,I admire him as my hero. I wanted to see his movies till I die....,"{'document_tone': {'tones': [{'score': 0.563817, 'tone_id': 'sadness', 'tone_name': 'Sadness'}]}, 'sentences_tone': [{'sentence_id': 0, 'text': 'I admire him as my hero.', 'tones': [{'score': 0.718544, 'tone_id': 'joy', 'tone_name': 'Joy'}]}, {'sentence_id': 1, 'text': 'I wanted to see his movies till I die....', 'tones': [{'score': 0.714544, 'tone_id': 'sadness', 'tone_name': 'Sadness'}]}]}"
66,Boycott bollywood movies totally and move towards South indian movies.,"{'document_tone': {'tones': [{'score': 0.849827, 'tone_id': 'confident', 'tone_name': 'Confident'}]}}"
67,thank you TIMES NOW standing with Sushant against his bullies ­čÖĆ,"{'document_tone': {'tones': [{'score': 0.524483, 'tone_id': 'joy', 'tone_name': 'Joy'}]}}"
68,Sushant  was very charming and can go far in his career  a lady's  man.,"{'document_tone': {'tones': [{'score': 0.751512, 'tone_id': 'confident', 'tone_name': 'Confident'}]}}"
69,All of us are responsible for this. We have watched these Khan's and starkids and all this Karan johar bullshit.. we are truly responsible.,"{'document_tone': {'tones': [{'score': 0.638231, 'tone_id': 'anger', 'tone_name': 'Anger'}, {'score': 0.986725, 'tone_id': 'confident', 'tone_name': 'Confident'}]}, 'sentences_tone': [{'sentence_id': 0, 'text': 'All of us are responsible for this.', 'tones': [{'score': 0.92125, 'tone_id': 'confident', 'tone_name': 'Confident'}]}, {'sentence_id': 1, 'text': ""We have watched these Khan's and starkids and all this Karan johar bullshit.. we are truly responsible."", 'tones': [{'score': 0.72905, 'tone_id': 'anger', 'tone_name': 'Anger'}, {'score': 0.886448, 'tone_id': 'confident', 'tone_name': 'Confident'}]}]}"
70,Please guys.. dont let Sushant s life go forgotten. I wish and pray journalists like you will bring some light into this dark human existence ­čÖĆ Like Sekhender said.. we humans are the Virus.,"{'document_tone': {'tones': [{'score': 0.602868, 'tone_id': 'sadness', 'tone_name': 'Sadness'}, {'score': 0.928648, 'tone_id': 'tentative', 'tone_name': 'Tentative'}]}, 'sentences_tone': [{'sentence_id': 0, 'text': 'Please guys.. dont let Sushant s life go forgotten.', 'tones': [{'score': 0.618779, 'tone_id': 'sadness', 'tone_name': 'Sadness'}]}, {'sentence_id': 1, 'text': 'I wish and pray journalists like you will bring some light into this dark human existence \xadčÖĆ Like Sekhender said.. we humans are the Virus.', 'tones': [{'score': 0.551721, 'tone_id': 'sadness', 'tone_name': 'Sadness'}, {'score': 0.733853, 'tone_id': 'tentative', 'tone_name': 'Tentative'}]}]}"
71,Hello Everyone! My deepest condolences to his family and his friends. But I won't support anybody to committ suicide at any cost. Please educated people don't do like this shit... Bharat Matha Ki Jai... Jai Hind...,"{'document_tone': {'tones': [{'score': 0.548091, 'tone_id': 'sadness', 'tone_name': 'Sadness'}, {'score': 0.920133, 'tone_id': 'tentative', 'tone_name': 'Tentative'}]}, 'sentences_tone': [{'sentence_id': 0, 'text': 'Hello Everyone!', 'tones': []}, {'sentence_id': 1, 'text': 'My deepest condolences to his family and his friends.', 'tones': [{'score': 0.528779, 'tone_id': 'sadness', 'tone_name': 'Sadness'}]}, {'sentence_id': 2, 'text': ""But I won't support anybody to committ suicide at any cost."", 'tones': [{'score': 0.641468, 'tone_id': 'sadness', 'tone_name': 'Sadness'}, {'score': 0.909883, 'tone_id': 'tentative', 'tone_name': 'Tentative'}]}, {'sentence_id': 3, 'text': ""Please educated people don't do like this shit... Bharat Matha Ki Jai... Jai Hind..."", 'tones': [{'score': 0.504781, 'tone_id': 'anger', 'tone_name': 'Anger'}]}]}"
72,What is Komal Nahta doing there.  He is for the Nepotism children.,"{'document_tone': {'tones': []}, 'sentences_tone': [{'sentence_id': 0, 'text': 'What is Komal Nahta doing there.', 'tones': []}, {'sentence_id': 1, 'text': 'He is for the Nepotism children.', 'tones': []}]}"
73,During awards functions.during talk shows they want to poke fun of actors and actresses. Some times the targeted persons face at the time says it all.,"{'document_tone': {'tones': [{'score': 0.607395, 'tone_id': 'joy', 'tone_name': 'Joy'}]}, 'sentences_tone': [{'sentence_id': 0, 'text': 'During awards functions.during', 'tones': []}, {'sentence_id': 1, 'text': 'talk shows they want to poke fun of actors and actresses.', 'tones': [{'score': 0.661984, 'tone_id': 'joy', 'tone_name': 'Joy'}]}, {'sentence_id': 2, 'text': 'Some times the targeted persons face at the time says it all.', 'tones': []}]}"
74,Everyone knows salman khan has underworld connections,"{'document_tone': {'tones': [{'score': 0.838593, 'tone_id': 'analytical', 'tone_name': 'Analytical'}]}}"
75,"Oozing with talents, intelligence, and amazing human being, so handsome. sushant singh rajput was a threat to the bollywood industry. There was totally jealousy, Impurified mids,, selfishness. Love u sushant forever and ever and will always remain in my heart. Rip Iam from sri Lanka.","{'document_tone': {'tones': [{'score': 0.760399, 'tone_id': 'joy', 'tone_name': 'Joy'}, {'score': 0.967392, 'tone_id': 'confident', 'tone_name': 'Confident'}]}, 'sentences_tone': [{'sentence_id': 0, 'text': 'Oozing with talents, intelligence, and amazing human being, so handsome.', 'tones': [{'score': 0.884534, 'tone_id': 'joy', 'tone_name': 'Joy'}]}, {'sentence_id': 1, 'text': 'sushant singh rajput was a threat to the bollywood industry.', 'tones': [{'score': 0.593753, 'tone_id': 'fear', 'tone_name': 'Fear'}]}, {'sentence_id': 2, 'text': 'There was totally jealousy, Impurified mids,, selfishness.', 'tones': [{'score': 0.541827, 'tone_id': 'anger', 'tone_name': 'Anger'}, {'score': 0.92125, 'tone_id': 'confident', 'tone_name': 'Confident'}]}, {'sentence_id': 3, 'text': 'Love u sushant forever and ever and will always remain in my heart.', 'tones': [{'score': 0.784655, 'tone_id': 'joy', 'tone_name': 'Joy'}, {'score': 0.958043, 'tone_id': 'confident', 'tone_name': 'Confident'}]}, {'sentence_id': 4, 'text': 'Rip Iam from sri Lanka.', 'tones': [{'score': 0.546805, 'tone_id': 'sadness', 'tone_name': 'Sadness'}]}]}"
76,Rip Sushant Singh rajput­čśş­čśş­čśş,"{'document_tone': {'tones': [{'score': 0.754566, 'tone_id': 'sadness', 'tone_name': 'Sadness'}]}}"
77,Love this lady Kangana... More respect to her now,"{'document_tone': {'tones': [{'score': 0.851758, 'tone_id': 'joy', 'tone_name': 'Joy'}]}, 'sentences_tone': [{'sentence_id': 0, 'text': 'Love this lady Kangana...', 'tones': [{'score': 0.882749, 'tone_id': 'joy', 'tone_name': 'Joy'}]}, {'sentence_id': 1, 'text': 'More respect to her now', 'tones': [{'score': 0.880435, 'tone_id': 'joy', 'tone_name': 'Joy'}]}]}"
78,Respect Rahul Shivshankar.You are undoubtedly the best we have.Komal Nahata and Samir Soni continue licking those who feed you!!RIP True talent SSR,"{'document_tone': {'tones': [{'score': 0.689543, 'tone_id': 'confident', 'tone_name': 'Confident'}]}}"
79,I can't stop crying now from Shillong Rip sushant,"{'document_tone': {'tones': [{'score': 0.97269, 'tone_id': 'sadness', 'tone_name': 'Sadness'}]}}"
80,"Will watch ""Blood Diamond"", "" the Bank Job"" Or ""Edge of Tomorrow: live die repeat"" Again, then wasting time on boring mainstream Bollywood cliche movies.","{'document_tone': {'tones': [{'score': 0.677143, 'tone_id': 'sadness', 'tone_name': 'Sadness'}]}}"
81,Totaly planed murder,{'document_tone': {'tones': []}}
82,Thanks times now for having courage to expose the truth,"{'document_tone': {'tones': [{'score': 0.741481, 'tone_id': 'joy', 'tone_name': 'Joy'}, {'score': 0.618451, 'tone_id': 'confident', 'tone_name': 'Confident'}]}}"
83,A person with so much passion and ambition can't end his own life......­čśó  Investigation is must.........  Watch kangna ranaut's video.......,"{'document_tone': {'tones': [{'score': 0.6865, 'tone_id': 'joy', 'tone_name': 'Joy'}]}}"
84,"Initially thought kangana was over reacting against these nepotism gangster...... Now we know how dangerous they we're..... Suppressing talented actor, destroying their career, bringing Pakistani actors & singers to replace Indian talent, promoting Muslim religion in guise of Sufi songs, Muslim protagonist stories, underworld funding, insulting Hindus through cinema...etc. Etc.","{'document_tone': {'tones': []}, 'sentences_tone': [{'sentence_id': 0, 'text': ""Initially thought kangana was over reacting against these nepotism gangster...... Now we know how dangerous they we're..... Suppressing talented actor, destroying their career, bringing Pakistani actors & singers to replace Indian talent, promoting Muslim religion in guise of Sufi songs, Muslim protagonist stories, underworld funding, insulting Hindus through cinema...etc."", 'tones': [{'score': 0.509264, 'tone_id': 'anger', 'tone_name': 'Anger'}]}, {'sentence_id': 1, 'text': 'Etc.', 'tones': []}]}"
85,"We need to honor this humble actor by bringing the evil doers to their knees. His friends,  fans and family needs closure and his soul demands ""JUSTICE ""","{'document_tone': {'tones': [{'score': 0.545668, 'tone_id': 'joy', 'tone_name': 'Joy'}]}, 'sentences_tone': [{'sentence_id': 0, 'text': 'We need to honor this humble actor by bringing the evil doers to their knees.', 'tones': []}, {'sentence_id': 1, 'text': 'His friends,  fans and family needs closure and his soul demands ""JUSTICE ""', 'tones': [{'score': 0.620279, 'tone_id': 'analytical', 'tone_name': 'Analytical'}]}]}"
86,#SushantSinghRajput ­čÖĆOm Shanti­čÖĆ #BoycoatKaranJohar #BoycoatSalmanKhan,{'document_tone': {'tones': []}}
87,Brilliantly presented and some really high-quality respondents..,"{'document_tone': {'tones': [{'score': 0.671094, 'tone_id': 'joy', 'tone_name': 'Joy'}, {'score': 0.91961, 'tone_id': 'tentative', 'tone_name': 'Tentative'}, {'score': 0.801827, 'tone_id': 'analytical', 'tone_name': 'Analytical'}]}}"
88,This nepotism is everywhere in all fields. Look at even tech companies people in the family are employed in the same company even if they dont have appropriate talents and people who have talents but with no links are killed no time if not literally but definitely mentally. All Tech companies big giants have the same thing.,"{'document_tone': {'tones': [{'score': 0.912059, 'tone_id': 'analytical', 'tone_name': 'Analytical'}, {'score': 0.893243, 'tone_id': 'confident', 'tone_name': 'Confident'}]}, 'sentences_tone': [{'sentence_id': 0, 'text': 'This nepotism is everywhere in all fields.', 'tones': [{'score': 0.92125, 'tone_id': 'confident', 'tone_name': 'Confident'}]}, {'sentence_id': 1, 'text': 'Look at even tech companies people in the family are employed in the same company even if they dont have appropriate talents and people who have talents but with no links are killed no time if not literally but definitely mentally.', 'tones': [{'score': 0.859411, 'tone_id': 'analytical', 'tone_name': 'Analytical'}]}, {'sentence_id': 2, 'text': 'All Tech companies big giants have the same thing.', 'tones': [{'score': 0.874372, 'tone_id': 'confident', 'tone_name': 'Confident'}]}]}"
89,I am  missing Sushant Singh Rajput very much. He was a brilliant person.,"{'document_tone': {'tones': [{'score': 0.726337, 'tone_id': 'sadness', 'tone_name': 'Sadness'}, {'score': 0.966751, 'tone_id': 'confident', 'tone_name': 'Confident'}]}, 'sentences_tone': [{'sentence_id': 0, 'text': 'I am  missing Sushant Singh Rajput very much.', 'tones': [{'score': 0.770294, 'tone_id': 'sadness', 'tone_name': 'Sadness'}, {'score': 0.898327, 'tone_id': 'confident', 'tone_name': 'Confident'}]}, {'sentence_id': 1, 'text': 'He was a brilliant person.', 'tones': [{'score': 0.848742, 'tone_id': 'joy', 'tone_name': 'Joy'}]}]}"
90,Canada  usa and other countries should block them from entering to their countries for shows.,"{'document_tone': {'tones': [{'score': 0.532616, 'tone_id': 'analytical', 'tone_name': 'Analytical'}]}}"
91,Get a comment from Govinda . He also relate to similar issues on,"{'document_tone': {'tones': [{'score': 0.624243, 'tone_id': 'sadness', 'tone_name': 'Sadness'}, {'score': 0.908592, 'tone_id': 'analytical', 'tone_name': 'Analytical'}]}, 'sentences_tone': [{'sentence_id': 0, 'text': 'Get a comment from Govinda .', 'tones': []}, {'sentence_id': 1, 'text': 'He also relate to similar issues on', 'tones': [{'score': 0.563801, 'tone_id': 'sadness', 'tone_name': 'Sadness'}, {'score': 0.895415, 'tone_id': 'analytical', 'tone_name': 'Analytical'}]}]}"
92,The host gave back to komal nahata on his dog face...my heart felt peace,"{'document_tone': {'tones': [{'score': 0.780998, 'tone_id': 'joy', 'tone_name': 'Joy'}]}}"
93,We love you Sushant.. will be always missed.. hope you are in a better place..RIP,"{'document_tone': {'tones': [{'score': 0.65198, 'tone_id': 'sadness', 'tone_name': 'Sadness'}]}}"
94,He is very good person i hope the case be done with justice so his soul rest in peace­čÖĆ­čÖĆ,"{'document_tone': {'tones': [{'score': 0.617515, 'tone_id': 'sadness', 'tone_name': 'Sadness'}]}}"
95,Rest in peace...sushant.....u will always be a shining star,"{'document_tone': {'tones': [{'score': 0.584685, 'tone_id': 'sadness', 'tone_name': 'Sadness'}, {'score': 0.825035, 'tone_id': 'confident', 'tone_name': 'Confident'}]}}"
96,"It's a murder simple,it needs to be investigated,love from u.k to sushant.","{'document_tone': {'tones': [{'score': 0.840226, 'tone_id': 'joy', 'tone_name': 'Joy'}]}}"
97,It will take some time for the news to sink about the tragic death of a fine & talented human being. RIP SSR.,"{'document_tone': {'tones': [{'score': 0.864379, 'tone_id': 'sadness', 'tone_name': 'Sadness'}, {'score': 0.947419, 'tone_id': 'tentative', 'tone_name': 'Tentative'}]}, 'sentences_tone': [{'sentence_id': 0, 'text': 'It will take some time for the news to sink about the tragic death of a fine & talented human being.', 'tones': [{'score': 0.83829, 'tone_id': 'sadness', 'tone_name': 'Sadness'}, {'score': 0.704683, 'tone_id': 'tentative', 'tone_name': 'Tentative'}]}, {'sentence_id': 1, 'text': 'RIP SSR.', 'tones': [{'score': 0.817988, 'tone_id': 'sadness', 'tone_name': 'Sadness'}]}]}"
98,Murdered ..just like they once killed ex of sooraj pancholi,"{'document_tone': {'tones': [{'score': 0.928936, 'tone_id': 'tentative', 'tone_name': 'Tentative'}]}}"
99,How can I one provide pertinent information of Sushant being bullied to the Forensic team investigating Sushant's death?,{'document_tone': {'tones': []}}
100,Pls cover this every day till he gets the justice,"{'document_tone': {'tones': [{'score': 0.629927, 'tone_id': 'sadness', 'tone_name': 'Sadness'}, {'score': 0.866996, 'tone_id': 'confident', 'tone_name': 'Confident'}]}}"
101,Ppl tell u get inspiration from talented ppl...But really when one inspires they can't tolerate...,"{'document_tone': {'tones': [{'score': 0.895624, 'tone_id': 'joy', 'tone_name': 'Joy'}]}}"
