Name,Comment,tone
Gangu,"à²°à³ˆà²¤à²° à²¹à³‹à²°à²¾à²Ÿà²µà²¨à³à²¨à³ à²¹à²¤à³à²¤à²¿à²•à³à²•à²²à³ à²®à²¤à³à²¤à³ à²ªà²²à²¾à²¯à²¨à²µà²¾à²¦à²¿à²¤à²¨à²¦ à²§à³‹à²°à²£à³†à²¯ à²’à²‚à²¦à³ à²¦à³à²·à³à²Ÿ à²¸à²°à²•à²¾à²° à²à²¨à³†à²²à³à²² à²®à²¾à²¡à³à²µà³à²¦à³‹ à²…à²‚à²¤à²¹ à²•à³†à²Ÿà³à²Ÿ à²•à²¾à²°à³à²¯à²¾à²šà²°à²£à³†à²¯à²¨à³à²¨à³ à²ˆ à²®à³‹à²¦à²¿à²¯ à²•à³‡à²‚à²¦à³à²° à²¸à²°à²•à²¾à²° à²®à²¾à²¡à³à²¤à³à²¤à²¿à²¦à³† ...à²°à³ˆà²¤à²°  à²¹à³‹à²°à²¾à²Ÿà²µà²¨à³à²¨à²¾ à²¹à²¤à³à²¤à²¿à²•à³à²•à²²à³ à²¦à³Šà²¡à³à²¡ à²¦à³Šà²¡à³à²¡ à²•à²¾à²‚à²•à³à²°à³€à²Ÿà³ à²—à³‹à²¡à³†à²—à²³à²¨à³à²¨à³ à²¨à²¿à²°à³à²®à²¿à²¸à³à²µà³à²¦à³ ,à²°à³ˆà²¤à²° à²¦à²¾à²°à²¿à²—à³† à²®à³Šà²³à³†à²—à²³à²¨à³à²¨à³ à²¹à³Šà²¡à³†à²¯à³à²µà³à²¦à³ ...     à²¦à³Šà²¡à³à²¡ à²¦à³Šà²¡à³à²¡ à²¬à³à²¯à²¾à²°à²¿à²•à³‡à²¡à³à²—à²³à²¨à³à²¨à³ à²¹à²¾à²•à³à²µà³à²¦à³ ..à²ªà³‹à²²à³€à²¸à²°à³ à²° à²¸à²°à³à²ªà²—à²¾à²µà²²à²¨à³à²¨à³ à²¨à²¿à²²à³à²²à²¿à²¸à³à²µà³à²¦à³ à²¹à³€à²—à³† à²¹à²¤à³à²¤à³ à²¹à²²à²µà³ à²°à³€à²¤à²¿à²¯à²²à³à²²à²¿ à²°à³ˆà²¤à²° à²¹à³‹à²°à²¾à²Ÿà²µà²¨à³à²¨ à²¹à²¤à³à²¤à²¿à²•à³à²•à³à²¤à³à²¤à²¿à²°à³à²µ .. à²¸à²°à³à²µà²¾à²§à²¿à²•à²¾à²°à²¦à²¿à²‚à²¦ à²®à²¦à²µà³‡à²°à²¿à²¦ à²ˆ à²¬à²¿ à²œà³† à²ªà²¿ à²¯ à²®à³‹à²¦à²¿ à²¸à²°à²•à²¾à²°à²•à³à²•à³† à²°à³ˆà²¤à²°à³‡ à²®à³à²‚à²¦à²¿à²¨ à²¦à²¿à²¨à²—à²³à²²à³à²²à²¿ à²…à²‚à²¡à³ à²¸à³€à²¯à³à²µà²‚à²¤à³† à²¬à²°à³‡ à²¹à²¾à²•à²¿ à²¶à²¾à²¶à³à²µà²¤à²µà²¾à²—à²¿ à²®à²¨à³†à²—à³† à²•à²³à³à²¹à²¿à²¸à³à²µà²‚à²¤à²¹ à²•à²¾à²² à²¦à³‚à²°à²µà²¿à²²à³à²² ....à²à²¨à³†à²²à³à²²à²¾ à²¹à²¤à³à²¤à²¿à²•à³à²•à³à²µ à²•à³†à²Ÿà³à²Ÿ à²•à³†à²²à²¸à²µà²¨à³à²¨à³ à²ˆ à²®à³‹à²¦à²¿à²¯ à²•à³‡à²‚à²¦à³à²° à²¸à²°à²•à²¾à²° à²®à²¾à²¡à²¿à²¦à²°à³ à²°à³ˆà²¤à²° à²¹à³‹à²°à²¾à²Ÿ à²¦à³‡à²¶à²¾à²¦à³à²¯à²¾à²‚à²¤ à²µà³à²¯à²¾à²ªà²•à²µà²¾à²—à²¿ à²¤à³€à²µà³à²°à²µà²¾à²—à²¿ à²µà²¿à²¸à³à²¤à²°à²¿à²¸à²²à²¿à²¦à³† à²®à³‚à²°à³ à²•à²¾à²¯à³à²¦à³†à²—à²³à²¨à³à²¨à³ à²¹à²¿à²‚à²ªà²¡à³†à²¯à²¦ à²¹à³Šà²°à²¤à³ à²°à³ˆà²¤à²° à²¹à³‹à²°à²¾à²Ÿà²•à³à²•à³† à²—à³†à²²à³à²µà³ à²¸à²¿à²—à²¦ à²¹à³Šà²°à²¤à³ à²Žà²‚à²¦à²¿à²—à³‚ à²¹à³‹à²°à²¾à²Ÿ à²¨à²¿à²²à³à²²à³à²µà³à²¦à²¿à²²à³à²² ....",{'document_tone': {'tones': []}}
kiwiwala,"Khalistanis from Canada, UK, the Pakistani ISi CPI and the Congressre all involved in stoking this fire....using gullible farmers for the agenda. . These guys are hell bent on causing chaos. The government must now show its mailed fist. The Police , CBI and NSI should document and investigate each and every rioter who has broken the laws of the country. There is no back down. This treachery of the highest order. Rest of India must stand solidly behind the government in handling these anarchists.","{'document_tone': {'tones': [{'score': 0.602737, 'tone_id': 'anger', 'tone_name': 'Anger'}, {'score': 0.892363, 'tone_id': 'confident', 'tone_name': 'Confident'}]}, 'sentences_tone': [{'sentence_id': 0, 'text': 'Khalistanis from Canada, UK, the Pakistani ISi CPI and the Congressre all involved in stoking this fire....using gullible farmers for the agenda. .', 'tones': [{'score': 0.560944, 'tone_id': 'confident', 'tone_name': 'Confident'}]}, {'sentence_id': 1, 'text': 'These guys are hell bent on causing chaos.', 'tones': [{'score': 0.757874, 'tone_id': 'anger', 'tone_name': 'Anger'}]}, {'sentence_id': 2, 'text': 'The government must now show its mailed fist.', 'tones': [{'score': 0.704642, 'tone_id': 'confident', 'tone_name': 'Confident'}]}, {'sentence_id': 3, 'text': 'The Police , CBI and NSI should document and investigate each and every rioter who has broken the laws of the country.', 'tones': [{'score': 0.582653, 'tone_id': 'fear', 'tone_name': 'Fear'}, {'score': 0.598602, 'tone_id': 'confident', 'tone_name': 'Confident'}]}, {'sentence_id': 4, 'text': 'There is no back down.', 'tones': []}, {'sentence_id': 5, 'text': 'This treachery of the highest order.', 'tones': []}, {'sentence_id': 6, 'text': 'Rest of India must stand solidly behind the government in handling these anarchists.', 'tones': [{'score': 0.509368, 'tone_id': 'confident', 'tone_name': 'Confident'}]}]}"
E N Singha,Bakbash protesters abh dekh drama lath ka,{'document_tone': {'tones': []}}
Benny Joseph,Dear my brothers  we should have to unite as soon as possibly. Sure we will arrange our own democratic government. Recently  the government ruled they don&#39;t save farmers  and common man. We are offer all farmers who above 60 years old 10000 pension per month. We have enough source the past governments  misuse our source. So we pulled through them and try our welfare democratic government.  I hope reply soon. Thanks benny,"{'document_tone': {'tones': [{'score': 0.561836, 'tone_id': 'sadness', 'tone_name': 'Sadness'}]}, 'sentences_tone': [{'sentence_id': 0, 'text': 'Dear my brothers  we should have to unite as soon as possibly.', 'tones': []}, {'sentence_id': 1, 'text': 'Sure we will arrange our own democratic government.', 'tones': [{'score': 0.898327, 'tone_id': 'confident', 'tone_name': 'Confident'}]}, {'sentence_id': 2, 'text': 'Recently  the government ruled they don&#39;t save farmers  and common man.', 'tones': [{'score': 0.63917, 'tone_id': 'sadness', 'tone_name': 'Sadness'}, {'score': 0.589295, 'tone_id': 'analytical', 'tone_name': 'Analytical'}]}, {'sentence_id': 3, 'text': 'We are offer all farmers who above 60 years old 10000 pension per month.', 'tones': [{'score': 0.541632, 'tone_id': 'sadness', 'tone_name': 'Sadness'}, {'score': 0.751512, 'tone_id': 'confident', 'tone_name': 'Confident'}]}, {'sentence_id': 4, 'text': 'We have enough source the past governments  misuse our source.', 'tones': [{'score': 0.501015, 'tone_id': 'sadness', 'tone_name': 'Sadness'}]}, {'sentence_id': 5, 'text': 'So we pulled through them and try our welfare democratic government.', 'tones': []}, {'sentence_id': 6, 'text': 'I hope reply soon.', 'tones': [{'score': 0.984352, 'tone_id': 'tentative', 'tone_name': 'Tentative'}]}, {'sentence_id': 7, 'text': 'Thanks benny', 'tones': [{'score': 0.582784, 'tone_id': 'joy', 'tone_name': 'Joy'}]}]}"
Azviya Azvi,Kerala stands with Kisan,{'document_tone': {'tones': []}}
Yasin Arain,Moodi murdabaad,{'document_tone': {'tones': []}}
VED VASHIST,KYAA  GHATIYAA  KISAM  KE  &#39;&#39;&#39;REPORTERS &#39;&#39;&#39;  hain abe   farmers se baat   kar rahe   ENGLISH   mein   kyon   bol   rahi ho........farmers English bolte   hain   kyaa........you are cheap quality  reportes................,{'document_tone': {'tones': []}}
VED VASHIST,all  bills  are  in  English........how manY FARMER   know   ENGLISH.....DO THEY HAV SOME PERSONS WHO KNOW  ENGLISH.......TALK  POINT  BY  POINT.....,"{'document_tone': {'tones': [{'score': 0.527921, 'tone_id': 'sadness', 'tone_name': 'Sadness'}, {'score': 0.653099, 'tone_id': 'analytical', 'tone_name': 'Analytical'}]}}"
VED VASHIST,YE ABHISEK......3   FALWS    EXPLAINNN    KYON   NAHIN   KARTA////,"{'document_tone': {'tones': [{'score': 0.625046, 'tone_id': 'anger', 'tone_name': 'Anger'}]}}"
VED VASHIST,kutton  ki tarhaa  zidd   par ade  hai....teenon  KANOON   REPEAL   KARO.....................KYAA   GHATIYAA   KISM  KE  JANAR HO,{'document_tone': {'tones': []}}
Moses Yazala,Modi is misguided by RSS,"{'document_tone': {'tones': [{'score': 0.687768, 'tone_id': 'analytical', 'tone_name': 'Analytical'}]}}"
jason ong,"Fully support the Indian farmers! And shame on the Modi government for using force on the peaceful protest! Itâ€™s funny how only the Canadian PM and a small handful of UK politicians spoke up for this protest. What happened to the rest of the world? All went dumb? Just see how hypocritical they are especially the western powers, standing up for the Hong Kong protests which is so many times smaller than this protest. Well I guess these shameful western politicians have nothing to gain out of standing up for the farmers....so sad..","{'document_tone': {'tones': [{'score': 0.536148, 'tone_id': 'anger', 'tone_name': 'Anger'}, {'score': 0.659022, 'tone_id': 'sadness', 'tone_name': 'Sadness'}]}, 'sentences_tone': [{'sentence_id': 0, 'text': 'Fully support the Indian farmers!', 'tones': [{'score': 0.63861, 'tone_id': 'sadness', 'tone_name': 'Sadness'}]}, {'sentence_id': 1, 'text': 'And shame on the Modi government for using force on the peaceful protest!', 'tones': [{'score': 0.821913, 'tone_id': 'analytical', 'tone_name': 'Analytical'}]}, {'sentence_id': 2, 'text': 'Itâ€™s funny how only the Canadian PM and a small handful of UK politicians spoke up for this protest.', 'tones': [{'score': 0.514966, 'tone_id': 'anger', 'tone_name': 'Anger'}]}, {'sentence_id': 3, 'text': 'What happened to the rest of the world?', 'tones': [{'score': 0.536323, 'tone_id': 'sadness', 'tone_name': 'Sadness'}]}, {'sentence_id': 4, 'text': 'All went dumb?', 'tones': [{'score': 0.610534, 'tone_id': 'anger', 'tone_name': 'Anger'}, {'score': 0.989586, 'tone_id': 'confident', 'tone_name': 'Confident'}]}, {'sentence_id': 5, 'text': 'Just see how hypocritical they are especially the western powers, standing up for the Hong Kong protests which is so many times smaller than this protest.', 'tones': []}, {'sentence_id': 6, 'text': 'Well I guess these shameful western politicians have nothing to gain out of standing up for the farmers....so sad..', 'tones': [{'score': 0.788148, 'tone_id': 'sadness', 'tone_name': 'Sadness'}]}]}"
Elena Vanderwoodsen,I have never seen anyone lack moral integrity like BJP.,"{'document_tone': {'tones': [{'score': 0.687768, 'tone_id': 'analytical', 'tone_name': 'Analytical'}, {'score': 0.822231, 'tone_id': 'tentative', 'tone_name': 'Tentative'}]}}"
,,{'document_tone': {'tones': []}}
é·“é´£å“¨,we do not support Mr.Modi to combat poor farmers.,"{'document_tone': {'tones': [{'score': 0.764445, 'tone_id': 'sadness', 'tone_name': 'Sadness'}]}}"
Cyber007,"Where are the super-Farmers<br>1. Supriya sule ( foyer of Shard passed)..who made 1000s of crores without stepping into the field, living in AC rooms of Delhi<br>2. P chidambaram ( former FM ) who made 100s of crores by doing farminy on balcony<br>3. Late CM Jayalalitha a farmer made 1000s of crores, Laloo too made crores by selling grass...<br>4. Many more super-FARMERS.  Who made 1000s of crores without stepping into Fields.<br><br>Modi-BJP want to End superfarmer culture, help &amp; protect  real farmers.. so the new farm laws... every Farmer &amp; Agri-business will be made  Accountable, Taxable and Transparent.<br><br>No more chori in FCI godowns, No more hera- pheri with farm dealings..","{'document_tone': {'tones': [{'score': 0.688728, 'tone_id': 'joy', 'tone_name': 'Joy'}, {'score': 0.655978, 'tone_id': 'confident', 'tone_name': 'Confident'}]}, 'sentences_tone': [{'sentence_id': 0, 'text': 'Where are the super-Farmers<br>1.', 'tones': [{'score': 0.701688, 'tone_id': 'joy', 'tone_name': 'Joy'}]}, {'sentence_id': 1, 'text': 'Supriya sule ( foyer of Shard passed)..who made 1000s of crores without stepping into the field, living in AC rooms of Delhi<br>2.', 'tones': []}, {'sentence_id': 2, 'text': 'P chidambaram ( former FM ) who made 100s of crores by doing farminy on balcony<br>3.', 'tones': []}, {'sentence_id': 3, 'text': 'Late CM Jayalalitha a farmer made 1000s of crores, Laloo too made crores by selling grass...<br>4.', 'tones': [{'score': 0.518755, 'tone_id': 'joy', 'tone_name': 'Joy'}]}, {'sentence_id': 4, 'text': 'Many more super-FARMERS.', 'tones': []}, {'sentence_id': 5, 'text': 'Who made 1000s of crores without stepping into Fields.<br><br>Modi-BJP', 'tones': [{'score': 0.621663, 'tone_id': 'joy', 'tone_name': 'Joy'}]}, {'sentence_id': 6, 'text': 'want to End superfarmer culture, help &amp; protect  real farmers.. so the new farm laws... every Farmer &amp; Agri-business will be made  Accountable, Taxable and Transparent.<br><br>No', 'tones': [{'score': 0.78801, 'tone_id': 'joy', 'tone_name': 'Joy'}, {'score': 0.632066, 'tone_id': 'confident', 'tone_name': 'Confident'}]}, {'sentence_id': 7, 'text': 'more chori in FCI godowns, No more hera- pheri with farm dealings..', 'tones': []}]}"
Ellen John,"Ready for talks but will not budge. Are you stupid, Modi?","{'document_tone': {'tones': [{'score': 0.814369, 'tone_id': 'anger', 'tone_name': 'Anger'}]}, 'sentences_tone': [{'sentence_id': 0, 'text': 'Ready for talks but will not budge.', 'tones': [{'score': 0.587891, 'tone_id': 'joy', 'tone_name': 'Joy'}]}, {'sentence_id': 1, 'text': 'Are you stupid, Modi?', 'tones': [{'score': 0.797044, 'tone_id': 'anger', 'tone_name': 'Anger'}]}]}"
Ellen John,Why can&#39;t PM listen to the SC to withdraw for 6 months?,{'document_tone': {'tones': []}}
Jolliebearfor Christ,JESUS CHRIST DIED ON THE CROSS FOR OUR SINS AND HE WAS BURIED AND HE ROSE AGAIN ON THE THIRD DAY THE BIBLE JOHN CHAPTER 3 VERSES 16 THROUGH 21 AS WELL AS 1ST CORINTHIANS CHAPTER 15 VERSES 1 THROUGH 5 THE BIBLE,"{'document_tone': {'tones': [{'score': 0.633271, 'tone_id': 'anger', 'tone_name': 'Anger'}]}}"
THAHA MUHAMMED AU 2015-2019,Modi.. Sha. This. Farmers. Protest<br>Cannot. Deal. With. RSS. Gondas<br>You. Did. It. With. CAA,"{'document_tone': {'tones': [{'score': 0.646974, 'tone_id': 'joy', 'tone_name': 'Joy'}]}, 'sentences_tone': [{'sentence_id': 0, 'text': 'Modi.. Sha.', 'tones': []}, {'sentence_id': 1, 'text': 'This.', 'tones': []}, {'sentence_id': 2, 'text': 'Farmers.', 'tones': []}, {'sentence_id': 3, 'text': 'Protest<br>Cannot.', 'tones': []}, {'sentence_id': 4, 'text': 'Deal.', 'tones': [{'score': 0.880435, 'tone_id': 'joy', 'tone_name': 'Joy'}]}, {'sentence_id': 5, 'text': 'With.', 'tones': []}, {'sentence_id': 6, 'text': 'RSS.', 'tones': []}, {'sentence_id': 7, 'text': 'Gondas<br>You.', 'tones': []}, {'sentence_id': 8, 'text': 'Did.', 'tones': []}, {'sentence_id': 9, 'text': 'It.', 'tones': []}, {'sentence_id': 10, 'text': 'With.', 'tones': []}, {'sentence_id': 11, 'text': 'CAA', 'tones': []}]}"
Navnithraj SN,Fake farmers protest this people are doing strike without proper intentions.,"{'document_tone': {'tones': [{'score': 0.507114, 'tone_id': 'sadness', 'tone_name': 'Sadness'}, {'score': 0.703409, 'tone_id': 'analytical', 'tone_name': 'Analytical'}]}}"
Mona Parsram,ye kaun kutta  hai  jo  kissanon  se baat  karte bENGLISH   bol raha...litter  maro  ji iss  bhadve  ki  back  pe,{'document_tone': {'tones': []}}
Rko Stunner,"BJP is a selfish party those people who voted are suffering,",{'document_tone': {'tones': []}}
kaido,I support govt. on these farm reforms,"{'document_tone': {'tones': [{'score': 0.560376, 'tone_id': 'sadness', 'tone_name': 'Sadness'}]}}"
,,{'document_tone': {'tones': []}}
,,{'document_tone': {'tones': []}}
Ashfaq Khan,"<b>India in deep trouble, human rights violations against poor framers in India. Panga with Sardars</b>","{'document_tone': {'tones': []}, 'sentences_tone': [{'sentence_id': 0, 'text': '<b>India in deep trouble, human rights violations against poor framers in India.', 'tones': [{'score': 0.570103, 'tone_id': 'sadness', 'tone_name': 'Sadness'}]}, {'sentence_id': 1, 'text': 'Panga with Sardars</b>', 'tones': []}]}"
Mohit G,Sher abhi dragon ke shikar mein busy hai ....tum pizza khaaoo wo akey gand mein se nikalega ......ðŸ™ðŸ™ðŸ™ðŸ™ðŸ™ðŸ™ðŸ™,{'document_tone': {'tones': []}}
Amit Kumar,Modi has destroyed this nation.,"{'document_tone': {'tones': [{'score': 0.598094, 'tone_id': 'anger', 'tone_name': 'Anger'}]}}"
ENGLISH HUB English hub,Farmers are the ones who gives us food.,"{'document_tone': {'tones': [{'score': 0.504825, 'tone_id': 'joy', 'tone_name': 'Joy'}]}}"
Mohit G,"Kutoon ke bhookney se kuch nahi hoga.... khalistaan bke narey ,,,imran Khan zindabad,,,,,tum wahin bethoo pizza khaaoo ,,,,, supreme court ka danda chalega tab dekhengey sabki aukaat ....ðŸ˜‚ðŸ˜‚ðŸ˜‚ðŸ˜‚ðŸ˜‚",{'document_tone': {'tones': []}}
Mona Parsram,YE KISSAAN  KUTTON KI TARHAA......KAHTE  HAIN...BILL WAPIS LO....YE  BACHCHON  JAISI  BAAT  HAI...BILL MEIN  KYAA  PROBLEM  HAI  WO BOLO,"{'document_tone': {'tones': [{'score': 0.623788, 'tone_id': 'anger', 'tone_name': 'Anger'}]}}"
Hashim ali,Modi kuch khuda ka hof karo,{'document_tone': {'tones': []}}
,,{'document_tone': {'tones': []}}
MrKesaven,NARENDRA MODI good or bad dictator,"{'document_tone': {'tones': [{'score': 0.946222, 'tone_id': 'tentative', 'tone_name': 'Tentative'}]}}"
Sathya,The unity of Indian farmers must succeed<br><br>No farmers no food,"{'document_tone': {'tones': [{'score': 0.547263, 'tone_id': 'joy', 'tone_name': 'Joy'}, {'score': 0.509368, 'tone_id': 'confident', 'tone_name': 'Confident'}]}}"
salahuddin chaudhary,So claim now you attacked on Pakistan to diverert the situation.,{'document_tone': {'tones': []}}
4437 Anmol Kaur,Dil to krta...moddi k glle pkkdu aur use kissano mei ja k feink du..eisa haal kre vo iska..k akl aa jaye modi ko,{'document_tone': {'tones': []}}
4437 Anmol Kaur,Itna e enhe faida krne ka shonk hai to phle desh se krja uttare...he is mad..itna krja hai desh pe..modi ko helicopter khreedne ki pdi hai..foreign tour krne ki pdi hai..,{'document_tone': {'tones': []}}
4437 Anmol Kaur,Modi g pagal ho chukke hai..yr agr kissano ko aisa faida nai chaiyea.. thn  why modi is forcing them,{'document_tone': {'tones': []}}
Nikki Hailey,"à¤•à¤¿à¤¸à¤¾à¤¨à¥‹à¤‚ à¤•à¥‹ 1965,1971,1999 à¤†à¤¦à¤¿ à¤®à¥‡à¤‚ à¤¦à¥‡à¤¶ à¤•à¥‡ à¤²à¤¿à¤ à¤…à¤ªà¤¨à¥‡ à¤ªà¥à¤°à¤¾à¤£à¥‹à¤‚ à¤•à¥€ à¤†à¤¹à¥à¤¤à¤¿ à¤¦à¥‡à¤¨à¥‡ à¤µà¤¾à¤²à¥‡ à¤ªà¤°à¤¿à¤µà¤¾à¤° à¤•à¥‡ à¤¸à¤¦à¤¸à¥à¤¯à¥‹à¤‚ à¤•à¥€ à¤¤à¤¸à¥à¤µà¥€à¤°à¥‡à¤‚ à¤²à¤¾à¤¨à¥€ à¤šà¤¾à¤¹à¤¿à¤, à¤«à¤¿à¤° à¤®à¥‹à¤¦à¥€, à¤¶à¤¾à¤¹ à¤”à¤° à¤…à¤¨à¥à¤¯ à¤°à¤¾à¤œà¤¨à¥€à¤¤à¤¿à¤• à¤¨à¥‡à¤¤à¤¾à¤“à¤‚ à¤¸à¥‡ à¤ªà¥‚à¤›à¥‡à¤‚ à¤•à¤¿ à¤‰à¤¨à¥à¤¹à¥‹à¤‚à¤¨à¥‡ à¤”à¤° à¤‰à¤¨à¤•à¥‡ à¤ªà¤°à¤¿à¤µà¤¾à¤° à¤¨à¥‡ à¤•à¤­à¥€ à¤•à¥à¤¯à¤¾ à¤•à¤¿à¤¯à¤¾à¥¤",{'document_tone': {'tones': []}}
You CANT SEE me,Maharashtra stands with Kisan,{'document_tone': {'tones': []}}
0I' not old Bergogli0 Upon seven mountains ll Vl VI,"*****Trump started operation warp speed, like the virus was real, but many times has called it a fake. Trump&#39;s propaganda minister Alex Jones, says that Bill Gates was going to force the vaccine on Americans and the world. Bill Gates does not run the American government. Like the Whitehouse spokesperson mentions, Trump authorized operation warp speed. Trump was pretending the virus was a fake in public, but behind the scenes, he authorized operation warp speed. Trump&#39;s entire group went around with no masks and not social distancing. Trump supposedly got corona virus, when his campaign manager was arrested, and then made a miraculous recovery with out the isolation, like the rest of us. Trump, at times would not answer questions about the virus or what he was doing, because he said we were at war. No one realized the war was on us(US). They have been setting up a scenario, where the Democrats and Bill Gates would take the blame for the deaths, from a forced vaccine. People that Trump is at war with have been getting radiated, with electromagnetic waves. These waves cause your head to get hot and swell. Your stomach becomes bloated. Your mucous membranes become effected. Your ears ring. Your heart beat excellerates. There is also lung weakening, and on account of the bloating your diaphragm is not able to move as well, and you have breathing difficulties. When you go to a testing or makeshift hospital site, the evidence I have seen so far points to military nurses putting people to death, and then prisoners of the judicial system deal with the dead bodies. When dealing with this scheme, the experts over seeing it have said make sure no competent medical staff are around. Those military nurses, whether knowingly or unknowingly are guilty of extra judicial murder. Is that why there were executions at Fort Hood Texas, where 14 leaders including a General were let go? Some older people have died from breathing related problems, and people with those problems have been moved from hospitals to private nursing homes. They have been exaggerating this so they could lock you down. Start thinking and looking around at what is really going on. The US Government and other Governments of the world are doing a Nazi like extermination. Hitler rounded up and exterminated people under the guise of a typhus epidemic, but Trump and others are doing it under the guise of a corona virus pandemic. Learn about the Catholic Adolph Hitler and world war two, to understand what is going on. The Magna Carta treaty has been said, to be the basis of modern rights and freedoms, but it is the exact opposite. The Magna Carta Treaty, is a document of the Pope of Rome&#39;s dealings with the subordinate nations of the Roman Empire. It mentions, that if people rebel against the Roman Empire and Church, that they should take away all rights, so that people can not even leave their home, and exterminate them. It talks how the Pope will repay them for the expense of doing that. It is not a document of rights, but of unrights and death. How did the Pope get this control? Let us see! To make a long story short, the Roman Emperor forced a falsified religious system on the Roman Empire. They decreed the death penalty for any one observing the Biblical Sabbath or Passover. 1260 Biblically prophesied years passed with Rome totally dominating the world, until the birth of the United States and the French revolution, which signalled the end of complete world domination. How was the Roman Empire doing it? The Magna Carta Treaty documents, that if a group of people should rebel against the Church, that they would take away all their rights, so that they could not even leave their homes. The Pope controls all the nations of the Roman Empire. These nations are, or have been Britain, France, Germany , Italy, Spain, Portugal, Turkey and others, and the nations these conquered. The Pope is the puppet master. He is the man that governs the City that Rides the Roman Empire. He is the King of the Vatican City State. He has a flag and crown. In fact, on his triple tiered(3 layers) crown is written in Latin the number 666. He&#39;s the man sitting in the Temple(counterfeit temple). Revelation/Apocalypse 17, 18 describes his system. They are clothed in scarlet(Catholic Cardinals) and purple(Catholic Bishops). The King has a City riding on the Kings of the world&#39;s Empires(Vatican City State, is the only City/Country, that controls any other nations(Kings), and definitely no other city controls the Roman Countries. The Pope got in his position by deception. He says that he is the successor to Peter. He says that he is celibate(doesn&#39;t have sex) because Peter was celibate, but that is not Biblically accurate. Jesus healed Peter&#39;s mother in law of a disease. If Peter had a mother in law, he had a wife. There is no other way to have a mother in law, than to have a wife. The Bible says, call no man your father on earth, but the priests of the Catholic Chutch call themselves Fathers. This directly contradicts God&#39;s word, as written in the Bible. The Church/Empire has been locking people down and exterminating them for a long time. People just hear, that there was a plague, or some thing like that. The entire planet could be a paradise, where every one could have a home and property, but this empire has been exterminating people, when they find out about the deception, so no one can ever be free. They kill in secret, so no one can understand what is happening. Every one must know about the false Church/Empire, so that they can not kill in secret any more. Revelation/Apocalypse 18 says, in this organization, is found the blood of the prophets(John the Baptist, Jesus(Yeshua)), Holy ones, and all exterminated from the earth(Peoples of the Americas, Catholic Hitler&#39;s exterminations during world war two, Rwanda, children of Bethlehem (Roman ruler of Judea(Herod)), and all others. Revelation/Apocalypse 18 mentions that they came only to kill and steal and destroy. God tells you how you can end the plagues. He says, come out of it, if you don&#39;t want to receive her plagues. Revelation/Apocalypse 17,18 is like a fingerprint, that only fits the Roman Catholic Church. The earth belongs to all the peoples of the earth collectively. It has been usurped by criminals and liars for their benefit. The Bible says, that the early followers of Jesus(Yeshua is his real name) sold all their possessions, and had all things in common. That is a form of communism. The reason the Church hates communism so much is because it came only to kill, steal and destroy, (dominate). When all people have a right to life, property, food, then you have peace and harmony. No one can easily enslave you, when you have those things. So people have let a counterfeit system divide and conquer you. Peacefully withdraw all support from all organizations that oppose God. Come out of her, MY PEOPLE! Please watch the videos &quot;Will Trump Bring About Genocide and World War&quot; part1, 2.<br><b>********Please pray for me!*******</b>","{'document_tone': {'tones': [{'score': 0.520957, 'tone_id': 'sadness', 'tone_name': 'Sadness'}, {'score': 0.524668, 'tone_id': 'joy', 'tone_name': 'Joy'}, {'score': 0.569062, 'tone_id': 'analytical', 'tone_name': 'Analytical'}]}, 'sentences_tone': [{'sentence_id': 0, 'text': '*****Trump started operation warp speed, like the virus was real, but many times has called it a fake.', 'tones': []}, {'sentence_id': 1, 'text': 'Trump&#39;s propaganda minister Alex Jones, says that Bill Gates was going to force the vaccine on Americans and the world.', 'tones': [{'score': 0.517118, 'tone_id': 'sadness', 'tone_name': 'Sadness'}]}, {'sentence_id': 2, 'text': 'Bill Gates does not run the American government.', 'tones': []}, {'sentence_id': 3, 'text': 'Like the Whitehouse spokesperson mentions, Trump authorized operation warp speed.', 'tones': []}, {'sentence_id': 4, 'text': 'Trump was pretending the virus was a fake in public, but behind the scenes, he authorized operation warp speed.', 'tones': []}, {'sentence_id': 5, 'text': 'Trump&#39;s entire group went around with no masks and not social distancing.', 'tones': [{'score': 0.536582, 'tone_id': 'sadness', 'tone_name': 'Sadness'}]}, {'sentence_id': 6, 'text': 'Trump supposedly got corona virus, when his campaign manager was arrested, and then made a miraculous recovery with out the isolation, like the rest of us.', 'tones': [{'score': 0.724454, 'tone_id': 'sadness', 'tone_name': 'Sadness'}, {'score': 0.563256, 'tone_id': 'analytical', 'tone_name': 'Analytical'}]}, {'sentence_id': 7, 'text': 'Trump, at times would not answer questions about the virus or what he was doing, because he said we were at war.', 'tones': [{'score': 0.905748, 'tone_id': 'analytical', 'tone_name': 'Analytical'}, {'score': 0.659112, 'tone_id': 'tentative', 'tone_name': 'Tentative'}]}, {'sentence_id': 8, 'text': 'No one realized the war was on us(US).', 'tones': []}, {'sentence_id': 9, 'text': 'They have been setting up a scenario, where the Democrats and Bill Gates would take the blame for the deaths, from a forced vaccine.', 'tones': []}, {'sentence_id': 10, 'text': 'People that Trump is at war with have been getting radiated, with electromagnetic waves.', 'tones': []}, {'sentence_id': 11, 'text': 'These waves cause your head to get hot and swell.', 'tones': [{'score': 0.687768, 'tone_id': 'analytical', 'tone_name': 'Analytical'}]}, {'sentence_id': 12, 'text': 'Your stomach becomes bloated.', 'tones': []}, {'sentence_id': 13, 'text': 'Your mucous membranes become effected.', 'tones': [{'score': 0.970179, 'tone_id': 'analytical', 'tone_name': 'Analytical'}]}, {'sentence_id': 14, 'text': 'Your ears ring.', 'tones': []}, {'sentence_id': 15, 'text': 'Your heart beat excellerates.', 'tones': [{'score': 0.546272, 'tone_id': 'joy', 'tone_name': 'Joy'}]}, {'sentence_id': 16, 'text': 'There is also lung weakening, and on account of the bloating your diaphragm is not able to move as well, and you have breathing difficulties.', 'tones': [{'score': 0.886684, 'tone_id': 'analytical', 'tone_name': 'Analytical'}]}, {'sentence_id': 17, 'text': 'When you go to a testing or makeshift hospital site, the evidence I have seen so far points to military nurses putting people to death, and then prisoners of the judicial system deal with the dead bodies.', 'tones': [{'score': 0.642766, 'tone_id': 'sadness', 'tone_name': 'Sadness'}, {'score': 0.666537, 'tone_id': 'analytical', 'tone_name': 'Analytical'}]}, {'sentence_id': 18, 'text': 'When dealing with this scheme, the experts over seeing it have said make sure no competent medical staff are around.', 'tones': [{'score': 0.752368, 'tone_id': 'tentative', 'tone_name': 'Tentative'}]}, {'sentence_id': 19, 'text': 'Those military nurses, whether knowingly or unknowingly are guilty of extra judicial murder.', 'tones': [{'score': 0.933436, 'tone_id': 'tentative', 'tone_name': 'Tentative'}]}, {'sentence_id': 20, 'text': 'Is that why there were executions at Fort Hood Texas, where 14 leaders including a General were let go?', 'tones': []}, {'sentence_id': 21, 'text': 'Some older people have died from breathing related problems, and people with those problems have been moved from hospitals to private nursing homes.', 'tones': [{'score': 0.615161, 'tone_id': 'sadness', 'tone_name': 'Sadness'}, {'score': 0.775384, 'tone_id': 'analytical', 'tone_name': 'Analytical'}]}, {'sentence_id': 22, 'text': 'They have been exaggerating this so they could lock you down.', 'tones': [{'score': 0.786991, 'tone_id': 'tentative', 'tone_name': 'Tentative'}]}, {'sentence_id': 23, 'text': 'Start thinking and looking around at what is really going on.', 'tones': [{'score': 0.862286, 'tone_id': 'analytical', 'tone_name': 'Analytical'}, {'score': 0.786991, 'tone_id': 'tentative', 'tone_name': 'Tentative'}]}, {'sentence_id': 24, 'text': 'The US Government and other Governments of the world are doing a Nazi like extermination.', 'tones': []}, {'sentence_id': 25, 'text': 'Hitler rounded up and exterminated people under the guise of a typhus epidemic, but Trump and others are doing it under the guise of a corona virus pandemic.', 'tones': []}, {'sentence_id': 26, 'text': 'Learn about the Catholic Adolph Hitler and world war two, to understand what is going on.', 'tones': [{'score': 0.762356, 'tone_id': 'analytical', 'tone_name': 'Analytical'}]}, {'sentence_id': 27, 'text': 'The Magna Carta treaty has been said, to be the basis of modern rights and freedoms, but it is the exact opposite.', 'tones': [{'score': 0.541591, 'tone_id': 'analytical', 'tone_name': 'Analytical'}, {'score': 0.579436, 'tone_id': 'confident', 'tone_name': 'Confident'}]}, {'sentence_id': 28, 'text': 'The Magna Carta Treaty, is a document of the Pope of Rome&#39;s dealings with the subordinate nations of the Roman Empire.', 'tones': []}, {'sentence_id': 29, 'text': 'It mentions, that if people rebel against the Roman Empire and Church, that they should take away all rights, so that people can not even leave their home, and exterminate them.', 'tones': [{'score': 0.553951, 'tone_id': 'sadness', 'tone_name': 'Sadness'}, {'score': 0.87141, 'tone_id': 'analytical', 'tone_name': 'Analytical'}]}, {'sentence_id': 30, 'text': 'It talks how the Pope will repay them for the expense of doing that.', 'tones': []}, {'sentence_id': 31, 'text': 'It is not a document of rights, but of unrights and death.', 'tones': [{'score': 0.812738, 'tone_id': 'sadness', 'tone_name': 'Sadness'}]}, {'sentence_id': 32, 'text': 'How did the Pope get this control?', 'tones': []}, {'sentence_id': 33, 'text': 'Let us see!', 'tones': []}, {'sentence_id': 34, 'text': 'To make a long story short, the Roman Emperor forced a falsified religious system on the Roman Empire.', 'tones': [{'score': 0.515576, 'tone_id': 'analytical', 'tone_name': 'Analytical'}]}, {'sentence_id': 35, 'text': 'They decreed the death penalty for any one observing the Biblical Sabbath or Passover.', 'tones': [{'score': 0.634656, 'tone_id': 'sadness', 'tone_name': 'Sadness'}, {'score': 0.91961, 'tone_id': 'tentative', 'tone_name': 'Tentative'}]}, {'sentence_id': 36, 'text': '1260 Biblically prophesied years passed with Rome totally dominating the world, until the birth of the United States and the French revolution, which signalled the end of complete world domination.', 'tones': [{'score': 0.639886, 'tone_id': 'joy', 'tone_name': 'Joy'}]}, {'sentence_id': 37, 'text': 'How was the Roman Empire doing it?', 'tones': []}, {'sentence_id': 38, 'text': 'The Magna Carta Treaty documents, that if a group of people should rebel against the Church, that they would take away all their rights, so that they could not even leave their homes.', 'tones': [{'score': 0.627319, 'tone_id': 'sadness', 'tone_name': 'Sadness'}, {'score': 0.856794, 'tone_id': 'analytical', 'tone_name': 'Analytical'}]}, {'sentence_id': 39, 'text': 'The Pope controls all the nations of the Roman Empire.', 'tones': [{'score': 0.849827, 'tone_id': 'confident', 'tone_name': 'Confident'}]}, {'sentence_id': 40, 'text': 'These nations are, or have been Britain, France, Germany , Italy, Spain, Portugal, Turkey and others, and the nations these conquered.', 'tones': []}, {'sentence_id': 41, 'text': 'The Pope is the puppet master.', 'tones': []}, {'sentence_id': 42, 'text': 'He is the man that governs the City that Rides the Roman Empire.', 'tones': []}, {'sentence_id': 43, 'text': 'He is the King of the Vatican City State.', 'tones': []}, {'sentence_id': 44, 'text': 'He has a flag and crown.', 'tones': []}, {'sentence_id': 45, 'text': 'In fact, on his triple tiered(3 layers) crown is written in Latin the number 666.', 'tones': [{'score': 0.687768, 'tone_id': 'analytical', 'tone_name': 'Analytical'}]}, {'sentence_id': 46, 'text': 'He&#39;s the man sitting in the Temple(counterfeit temple).', 'tones': []}, {'sentence_id': 47, 'text': 'Revelation/Apocalypse 17, 18 describes his system.', 'tones': [{'score': 0.838593, 'tone_id': 'analytical', 'tone_name': 'Analytical'}]}, {'sentence_id': 48, 'text': 'They are clothed in scarlet(Catholic Cardinals) and purple(Catholic Bishops).', 'tones': []}, {'sentence_id': 49, 'text': 'The King has a City riding on the Kings of the world&#39;s Empires(Vatican City State, is the only City/Country, that controls any other nations(Kings), and definitely no other city controls the Roman Countries.', 'tones': []}, {'sentence_id': 50, 'text': 'The Pope got in his position by deception.', 'tones': []}, {'sentence_id': 51, 'text': 'He says that he is the successor to Peter.', 'tones': [{'score': 0.518085, 'tone_id': 'sadness', 'tone_name': 'Sadness'}]}, {'sentence_id': 52, 'text': 'He says that he is celibate(doesn&#39;t have sex) because Peter was celibate, but that is not Biblically accurate.', 'tones': []}, {'sentence_id': 53, 'text': 'Jesus healed Peter&#39;s mother in law of a disease.', 'tones': [{'score': 0.701643, 'tone_id': 'sadness', 'tone_name': 'Sadness'}, {'score': 0.579436, 'tone_id': 'confident', 'tone_name': 'Confident'}]}, {'sentence_id': 54, 'text': 'If Peter had a mother in law, he had a wife.', 'tones': [{'score': 0.579436, 'tone_id': 'confident', 'tone_name': 'Confident'}]}, {'sentence_id': 55, 'text': 'There is no other way to have a mother in law, than to have a wife.', 'tones': []}, {'sentence_id': 56, 'text': 'The Bible says, call no man your father on earth, but the priests of the Catholic Chutch call themselves Fathers.', 'tones': []}, {'sentence_id': 57, 'text': 'This directly contradicts God&#39;s word, as written in the Bible.', 'tones': [{'score': 0.579308, 'tone_id': 'joy', 'tone_name': 'Joy'}, {'score': 0.842108, 'tone_id': 'analytical', 'tone_name': 'Analytical'}, {'score': 0.543112, 'tone_id': 'confident', 'tone_name': 'Confident'}]}, {'sentence_id': 58, 'text': 'The Church/Empire has been locking people down and exterminating them for a long time.', 'tones': []}, {'sentence_id': 59, 'text': 'People just hear, that there was a plague, or some thing like that.', 'tones': [{'score': 0.987862, 'tone_id': 'tentative', 'tone_name': 'Tentative'}]}, {'sentence_id': 60, 'text': 'The entire planet could be a paradise, where every one could have a home and property, but this empire has been exterminating people, when they find out about the deception, so no one can ever be free.', 'tones': []}, {'sentence_id': 61, 'text': 'They kill in secret, so no one can understand what is happening.', 'tones': [{'score': 0.501823, 'tone_id': 'sadness', 'tone_name': 'Sadness'}]}, {'sentence_id': 62, 'text': 'Every one must know about the false Church/Empire, so that they can not kill in secret any more.', 'tones': [{'score': 0.920855, 'tone_id': 'analytical', 'tone_name': 'Analytical'}]}, {'sentence_id': 63, 'text': 'Revelation/Apocalypse 18 says, in this organization, is found the blood of the prophets(John the Baptist, Jesus(Yeshua)), Holy ones, and all exterminated from the earth(Peoples of the Americas, Catholic Hitler&#39;s exterminations during world war two, Rwanda, children of Bethlehem (Roman ruler of Judea(Herod)), and all others.', 'tones': [{'score': 0.509368, 'tone_id': 'confident', 'tone_name': 'Confident'}]}, {'sentence_id': 64, 'text': 'Revelation/Apocalypse 18 mentions that they came only to kill and steal and destroy.', 'tones': [{'score': 0.672223, 'tone_id': 'anger', 'tone_name': 'Anger'}, {'score': 0.711887, 'tone_id': 'analytical', 'tone_name': 'Analytical'}]}, {'sentence_id': 65, 'text': 'God tells you how you can end the plagues.', 'tones': []}, {'sentence_id': 66, 'text': 'He says, come out of it, if you don&#39;t want to receive her plagues.', 'tones': [{'score': 0.842108, 'tone_id': 'analytical', 'tone_name': 'Analytical'}]}, {'sentence_id': 67, 'text': 'Revelation/Apocalypse 17,18 is like a fingerprint, that only fits the Roman Catholic Church.', 'tones': [{'score': 0.687768, 'tone_id': 'analytical', 'tone_name': 'Analytical'}]}, {'sentence_id': 68, 'text': 'The earth belongs to all the peoples of the earth collectively.', 'tones': [{'score': 0.825035, 'tone_id': 'confident', 'tone_name': 'Confident'}]}, {'sentence_id': 69, 'text': 'It has been usurped by criminals and liars for their benefit.', 'tones': []}, {'sentence_id': 70, 'text': 'The Bible says, that the early followers of Jesus(Yeshua is his real name) sold all their possessions, and had all things in common.', 'tones': [{'score': 0.859692, 'tone_id': 'confident', 'tone_name': 'Confident'}]}, {'sentence_id': 71, 'text': 'That is a form of communism.', 'tones': []}, {'sentence_id': 72, 'text': 'The reason the Church hates communism so much is because it came only to kill, steal and destroy, (dominate).', 'tones': [{'score': 0.715985, 'tone_id': 'anger', 'tone_name': 'Anger'}, {'score': 0.599421, 'tone_id': 'analytical', 'tone_name': 'Analytical'}]}, {'sentence_id': 73, 'text': 'When all people have a right to life, property, food, then you have peace and harmony.', 'tones': [{'score': 0.862158, 'tone_id': 'joy', 'tone_name': 'Joy'}, {'score': 0.506763, 'tone_id': 'analytical', 'tone_name': 'Analytical'}, {'score': 0.704642, 'tone_id': 'confident', 'tone_name': 'Confident'}]}, {'sentence_id': 74, 'text': 'No one can easily enslave you, when you have those things.', 'tones': []}, {'sentence_id': 75, 'text': 'So people have let a counterfeit system divide and conquer you.', 'tones': []}, {'sentence_id': 76, 'text': 'Peacefully withdraw all support from all organizations that oppose God.', 'tones': [{'score': 0.735673, 'tone_id': 'analytical', 'tone_name': 'Analytical'}, {'score': 0.961633, 'tone_id': 'confident', 'tone_name': 'Confident'}]}, {'sentence_id': 77, 'text': 'Come out of her, MY PEOPLE!', 'tones': [{'score': 0.944551, 'tone_id': 'analytical', 'tone_name': 'Analytical'}]}, {'sentence_id': 78, 'text': 'Please watch the videos &quot;Will Trump Bring About Genocide and World War&quot; part1, 2.<br><b>********Please pray for me!*******</b>', 'tones': []}]}"
The citizen,Modi pisaap kardiya jaddi mai,{'document_tone': {'tones': []}}
P D,Godi media,{'document_tone': {'tones': []}}
Common Man,JAY MODI SARKARðŸ‘ðŸ½<br>JAY MODI JIðŸ™ðŸ½<br>JAY RAGINI TIWARIðŸ’ªðŸ½,"{'document_tone': {'tones': [{'score': 0.582676, 'tone_id': 'joy', 'tone_name': 'Joy'}]}}"
,,{'document_tone': {'tones': []}}
,,{'document_tone': {'tones': []}}
Guri Dhaliwal,They are leftist .mtlab had hai road jaam krnege logo ko preshaan krenge,"{'document_tone': {'tones': []}, 'sentences_tone': [{'sentence_id': 0, 'text': 'They are leftist .mtlab', 'tones': []}, {'sentence_id': 1, 'text': 'had hai road jaam krnege logo ko preshaan krenge', 'tones': []}]}"
Anfas,"Actually bjp misleading the entire country by evil justifications. Beware their actions and words since it is the clear following of Hitler&#39;s theory:People will believe a lie when it is repeated 1000 times.<br>If you have doubt remember the days of demonetisation, the swear on petrol price to Rs 40 before first election, Rs 15000 in account of each citizen!!!","{'document_tone': {'tones': [{'score': 0.708001, 'tone_id': 'anger', 'tone_name': 'Anger'}, {'score': 0.76198, 'tone_id': 'analytical', 'tone_name': 'Analytical'}]}, 'sentences_tone': [{'sentence_id': 0, 'text': 'Actually bjp misleading the entire country by evil justifications.', 'tones': [{'score': 0.68121, 'tone_id': 'anger', 'tone_name': 'Anger'}, {'score': 0.968209, 'tone_id': 'analytical', 'tone_name': 'Analytical'}, {'score': 0.942582, 'tone_id': 'confident', 'tone_name': 'Confident'}]}, {'sentence_id': 1, 'text': 'Beware their actions and words since it is the clear following of Hitler&#39;s theory:People will believe a lie when it is repeated 1000 times.<br>If', 'tones': []}, {'sentence_id': 2, 'text': 'you have doubt remember the days of demonetisation, the swear on petrol price to Rs 40 before first election, Rs 15000 in account of each citizen!!!', 'tones': [{'score': 0.53644, 'tone_id': 'analytical', 'tone_name': 'Analytical'}]}]}"
manavam aykyam,Ambani ke noukar modi,{'document_tone': {'tones': []}}
Oldschool Girl3,"This is the cruelest govt. They are elected to serve the people, but it is like a dictatorship. If they really care for farmers they would withdraw these laws and start afresh, while the poor farmers are suffering without proper shelter,medications and water. This attitude itself shows how much they will care for the farmers later. They want them to tire out with illness, cold, and hunger. Shame on this govt.","{'document_tone': {'tones': [{'score': 0.72144, 'tone_id': 'sadness', 'tone_name': 'Sadness'}, {'score': 0.769254, 'tone_id': 'analytical', 'tone_name': 'Analytical'}]}, 'sentences_tone': [{'sentence_id': 0, 'text': 'This is the cruelest govt.', 'tones': [{'score': 0.781632, 'tone_id': 'sadness', 'tone_name': 'Sadness'}]}, {'sentence_id': 1, 'text': 'They are elected to serve the people, but it is like a dictatorship.', 'tones': []}, {'sentence_id': 2, 'text': 'If they really care for farmers they would withdraw these laws and start afresh, while the poor farmers are suffering without proper shelter,medications and water.', 'tones': [{'score': 0.701894, 'tone_id': 'sadness', 'tone_name': 'Sadness'}, {'score': 0.807862, 'tone_id': 'analytical', 'tone_name': 'Analytical'}]}, {'sentence_id': 3, 'text': 'This attitude itself shows how much they will care for the farmers later.', 'tones': [{'score': 0.762356, 'tone_id': 'analytical', 'tone_name': 'Analytical'}]}, {'sentence_id': 4, 'text': 'They want them to tire out with illness, cold, and hunger.', 'tones': []}, {'sentence_id': 5, 'text': 'Shame on this govt.', 'tones': [{'score': 0.814939, 'tone_id': 'sadness', 'tone_name': 'Sadness'}]}]}"
,,{'document_tone': {'tones': []}}
,,{'document_tone': {'tones': []}}
Parray Sumit,Kashmir stands with kissan,{'document_tone': {'tones': []}}
Sunny S,Who is this Punjabi reporter repeatedly asking dumb question as to why Jaipur highway not full closed? Which media agency is he from? Pissed me off. Go ask modi questions about why he wants to say farmers are misguided and everyone who questions him is misguided. Why not interrogate him and ask him that he is the one who is misguiding,"{'document_tone': {'tones': [{'score': 0.756838, 'tone_id': 'anger', 'tone_name': 'Anger'}]}, 'sentences_tone': [{'sentence_id': 0, 'text': 'Who is this Punjabi reporter repeatedly asking dumb question as to why Jaipur highway not full closed?', 'tones': [{'score': 0.658257, 'tone_id': 'anger', 'tone_name': 'Anger'}]}, {'sentence_id': 1, 'text': 'Which media agency is he from?', 'tones': []}, {'sentence_id': 2, 'text': 'Pissed me off.', 'tones': []}, {'sentence_id': 3, 'text': 'Go ask modi questions about why he wants to say farmers are misguided and everyone who questions him is misguided.', 'tones': [{'score': 0.920855, 'tone_id': 'analytical', 'tone_name': 'Analytical'}]}, {'sentence_id': 4, 'text': 'Why not interrogate him and ask him that he is the one who is misguiding', 'tones': []}]}"
Arindam Pal,India needs a revolution to stop the tremendous discrimination.,"{'document_tone': {'tones': [{'score': 0.724236, 'tone_id': 'analytical', 'tone_name': 'Analytical'}]}}"
Sunny S,Dumb reporters bothering the farmers. Why not question the modi government?,"{'document_tone': {'tones': [{'score': 0.57418, 'tone_id': 'anger', 'tone_name': 'Anger'}]}, 'sentences_tone': [{'sentence_id': 0, 'text': 'Dumb reporters bothering the farmers.', 'tones': [{'score': 0.5198, 'tone_id': 'sadness', 'tone_name': 'Sadness'}, {'score': 0.568938, 'tone_id': 'anger', 'tone_name': 'Anger'}]}, {'sentence_id': 1, 'text': 'Why not question the modi government?', 'tones': [{'score': 0.955445, 'tone_id': 'analytical', 'tone_name': 'Analytical'}]}]}"
Sunny S,Modi ambani aur adani ka pappu hai,{'document_tone': {'tones': []}}
Ilyas Majothi,Bycott bjp,{'document_tone': {'tones': []}}
P.K. Dey,KISHAN EKATA JINDABAD. DON&#39;T BACK.,"{'document_tone': {'tones': []}, 'sentences_tone': [{'sentence_id': 0, 'text': 'KISHAN EKATA JINDABAD.', 'tones': []}, {'sentence_id': 1, 'text': 'DON&#39;T BACK.', 'tones': []}]}"
Sunny S,Godi media murdabaaad,{'document_tone': {'tones': []}}
Sunny S,Modi should repeal the 3 black laws immediately.,"{'document_tone': {'tones': [{'score': 0.515213, 'tone_id': 'anger', 'tone_name': 'Anger'}]}}"
Sunny S,Kisan ekta zindabaad.....,{'document_tone': {'tones': []}}
Surya Bk,Danger congress maafiya fake and anty India protest,{'document_tone': {'tones': []}}
,,{'document_tone': {'tones': []}}
,,{'document_tone': {'tones': []}}
mahesh kulkarni,Media should qn the govt now stop this nonsense.qning people who has no power.   What urgency to bring this bill .,"{'document_tone': {'tones': [{'score': 0.537401, 'tone_id': 'sadness', 'tone_name': 'Sadness'}]}, 'sentences_tone': [{'sentence_id': 0, 'text': 'Media should qn the govt now stop this nonsense.qning', 'tones': [{'score': 0.709071, 'tone_id': 'sadness', 'tone_name': 'Sadness'}]}, {'sentence_id': 1, 'text': 'people who has no power.', 'tones': []}, {'sentence_id': 2, 'text': 'What urgency to bring this bill .', 'tones': []}]}"
,,{'document_tone': {'tones': []}}
,,{'document_tone': {'tones': []}}
Gurvir Singh,"Please sport famers because famers give food to all.          No famers,no food,no lifeðŸ™ðŸ»ðŸ™ðŸ»ðŸ™ðŸ»ðŸ™ðŸ»ðŸ™ðŸ»ðŸ™ðŸ»ðŸ™ðŸ»ðŸ™ðŸ»ðŸ™ðŸ»ðŸ™ðŸ»ðŸ™ðŸ»ðŸ™ðŸ»ðŸ™ðŸ»ðŸ™ðŸ»ðŸ™ðŸ»ðŸ™ðŸ»ðŸ™ðŸ»ðŸ™ðŸ»ðŸ™ðŸ»ðŸ™ðŸ»","{'document_tone': {'tones': [{'score': 0.604878, 'tone_id': 'joy', 'tone_name': 'Joy'}]}, 'sentences_tone': [{'sentence_id': 0, 'text': 'Please sport famers because famers give food to all.', 'tones': [{'score': 0.874372, 'tone_id': 'confident', 'tone_name': 'Confident'}, {'score': 0.724236, 'tone_id': 'analytical', 'tone_name': 'Analytical'}]}, {'sentence_id': 1, 'text': 'No famers,no food,no lifeðŸ™\x8fðŸ\x8f»ðŸ™\x8fðŸ\x8f»ðŸ™\x8fðŸ\x8f»ðŸ™\x8fðŸ\x8f»ðŸ™\x8fðŸ\x8f»ðŸ™\x8fðŸ\x8f»ðŸ™\x8fðŸ\x8f»ðŸ™\x8fðŸ\x8f»ðŸ™\x8fðŸ\x8f»ðŸ™\x8fðŸ\x8f»ðŸ™\x8fðŸ\x8f»ðŸ™\x8fðŸ\x8f»ðŸ™\x8fðŸ\x8f»ðŸ™\x8fðŸ\x8f»ðŸ™\x8fðŸ\x8f»ðŸ™\x8fðŸ\x8f»ðŸ™\x8fðŸ\x8f»ðŸ™\x8fðŸ\x8f»ðŸ™\x8fðŸ\x8f»ðŸ™\x8fðŸ\x8f»', 'tones': [{'score': 0.621563, 'tone_id': 'joy', 'tone_name': 'Joy'}]}]}"
,,{'document_tone': {'tones': []}}
TEJI à¨¨à¨¿à¨°à¨­à¨‰ à¨¨à¨¿à¨°à¨µà©ˆà¨°à© SINGH,"Meri desh ki mitti sona ugley, ugley heere moti, mere deshki dharti. Jai kisan.","{'document_tone': {'tones': []}, 'sentences_tone': [{'sentence_id': 0, 'text': 'Meri desh ki mitti sona ugley, ugley heere moti, mere deshki dharti.', 'tones': []}, {'sentence_id': 1, 'text': 'Jai kisan.', 'tones': []}]}"
,,{'document_tone': {'tones': []}}
,,{'document_tone': {'tones': []}}
,,{'document_tone': {'tones': []}}
Video's for you,BYCOT JIO SIM ðŸ‘ŽðŸ‘ŽðŸ‘ŽðŸ‘ŽðŸ‘ŽðŸ‘ŽðŸ‘ŽðŸ‘ŽðŸ‘ŽðŸ‘ŽðŸ‘ŽðŸ‘ŽðŸ‘Ž,{'document_tone': {'tones': []}}
ACTION GAMING,Kisan jindabad,{'document_tone': {'tones': []}}
Forever always.,Kisan ekta jindabaad,{'document_tone': {'tones': []}}
Kalam Mondal,Modi tu hot tum out kisan ko opor hand dala Modi tu out,{'document_tone': {'tones': []}}
Kalam Mondal,Modi omithsa sabdan last time Bjp RSS out,{'document_tone': {'tones': []}}
Kalam Mondal,Kisan jindabad jindabad jindabad Bjp RSS sabdan kisan jindabad jindabad jindabad jindabad jindabad,{'document_tone': {'tones': []}}
Habibur Rahaman,Krisan zindabad!,{'document_tone': {'tones': []}}
suman thoompally,Koi farmer nahi lagrahe<br> a log v.i.p formers,{'document_tone': {'tones': []}}
,,{'document_tone': {'tones': []}}
,,{'document_tone': {'tones': []}}
,,{'document_tone': {'tones': []}}
Manpreet Aujla,Kya modi tera baap hai,{'document_tone': {'tones': []}}
Manpreet Aujla,Tera baap ho ga khalistani,{'document_tone': {'tones': []}}
,,{'document_tone': {'tones': []}}
,,{'document_tone': {'tones': []}}
new reach,Onion price is a small indicator for future. Read more on Rogue Capitalism:<br>Modi made Ambani 4th richest during lockdown by passing laws to sell farms and outsource farmers and got Reliance Retail pandemic investments:<br>1. Silver Lake 7500 crore<br>2. KKR 5500 crores<br>3. General Atlantic+ 3675 cr<br>4. Silverlake+ 1875 crores<br>5. Mubadala 6240 crores<br>6. GIC TPG 7350 crores<br>7. Burger King IPO 30 times oversubscription.<br>If farm bills get repealed sensex will fall like pack of cards. That&#39;s reason criminal Modi is ignoring death of farmers.<br>Protests should aim to bring back sensex to its place andÂ  occupy Ambani Antilia along with parliament.,"{'document_tone': {'tones': [{'score': 0.576322, 'tone_id': 'sadness', 'tone_name': 'Sadness'}]}, 'sentences_tone': [{'sentence_id': 0, 'text': 'Onion price is a small indicator for future.', 'tones': [{'score': 0.762356, 'tone_id': 'analytical', 'tone_name': 'Analytical'}]}, {'sentence_id': 1, 'text': 'Read more on Rogue Capitalism:<br>Modi made Ambani 4th richest during lockdown by passing laws to sell farms and outsource farmers and got Reliance Retail pandemic investments:<br>1.', 'tones': []}, {'sentence_id': 2, 'text': 'Silver Lake 7500 crore<br>2.', 'tones': []}, {'sentence_id': 3, 'text': 'KKR 5500 crores<br>3.', 'tones': []}, {'sentence_id': 4, 'text': 'General Atlantic+ 3675 cr<br>4.', 'tones': [{'score': 0.615352, 'tone_id': 'tentative', 'tone_name': 'Tentative'}]}, {'sentence_id': 5, 'text': 'Silverlake+ 1875 crores<br>5.', 'tones': []}, {'sentence_id': 6, 'text': 'Mubadala 6240 crores<br>6.', 'tones': []}, {'sentence_id': 7, 'text': 'GIC TPG 7350 crores<br>7.', 'tones': []}, {'sentence_id': 8, 'text': 'Burger King IPO 30 times oversubscription.<br>If', 'tones': [{'score': 0.584335, 'tone_id': 'joy', 'tone_name': 'Joy'}]}, {'sentence_id': 9, 'text': 'farm bills get repealed sensex will fall like pack of cards.', 'tones': []}, {'sentence_id': 10, 'text': 'That&#39;s reason criminal Modi is ignoring death of farmers.<br>Protests', 'tones': [{'score': 0.82747, 'tone_id': 'sadness', 'tone_name': 'Sadness'}]}, {'sentence_id': 11, 'text': 'should aim to bring back sensex to its place andÂ\xa0 occupy Ambani Antilia along with parliament.', 'tones': [{'score': 0.506763, 'tone_id': 'analytical', 'tone_name': 'Analytical'}]}]}"
Common Indian,"Lakhs of farmers sitting for 20 days in near zero temperature, need to think why and get them back first.","{'document_tone': {'tones': [{'score': 0.549572, 'tone_id': 'sadness', 'tone_name': 'Sadness'}]}}"
,,{'document_tone': {'tones': []}}
,,{'document_tone': {'tones': []}}
THE HELL RUNNER,VIP farmers,"{'document_tone': {'tones': [{'score': 0.506381, 'tone_id': 'sadness', 'tone_name': 'Sadness'}]}}"
THE HELL RUNNER,Khalistani aatankwadi Hain sare,{'document_tone': {'tones': []}}
,,{'document_tone': {'tones': []}}
Roshan Rao,"ridiculous, these motivated leaders talk of &quot;Tanashahi&quot;, these people conveniently ignore supreme court&#39;s order that protests cant affect regular citizen rights too. Ambani and Adani&#39;s government is the same thing likes of Rahul Gandhi say...so IQ of these leaders are same as pappu","{'document_tone': {'tones': [{'score': 0.670547, 'tone_id': 'anger', 'tone_name': 'Anger'}, {'score': 0.557345, 'tone_id': 'analytical', 'tone_name': 'Analytical'}]}, 'sentences_tone': [{'sentence_id': 0, 'text': 'ridiculous, these motivated leaders talk of &quot;Tanashahi&quot;, these people conveniently ignore supreme court&#39;s order that protests cant affect regular citizen rights too.', 'tones': [{'score': 0.593867, 'tone_id': 'anger', 'tone_name': 'Anger'}, {'score': 0.642915, 'tone_id': 'analytical', 'tone_name': 'Analytical'}]}, {'sentence_id': 1, 'text': 'Ambani and Adani&#39;s government is the same thing likes of Rahul Gandhi say...so IQ of these leaders are same as pappu', 'tones': []}]}"
,,{'document_tone': {'tones': []}}
,,{'document_tone': {'tones': []}}
,,{'document_tone': {'tones': []}}
,,{'document_tone': {'tones': []}}
,,{'document_tone': {'tones': []}}
Vinod P,Include petrol/gas issues in demands!,"{'document_tone': {'tones': [{'score': 0.620279, 'tone_id': 'analytical', 'tone_name': 'Analytical'}]}}"
avnish pandey,Goli maro sabko...all of them are middlemen who earn the most and make a fool of real farmers and retailers. Kisaan se lete hain agriculture produce 9 rupay mein aage bechte hain 20 mein aur hummei  milta hai 30 mei.....rakesh tikait ke assets hain 4 crore ke....this agitation is shit completely rubbish. Congress and communist party led. Abhi bhi mauka hai goli maro rather tanker lao bomb se udao inko.,"{'document_tone': {'tones': [{'score': 0.523284, 'tone_id': 'anger', 'tone_name': 'Anger'}, {'score': 0.846276, 'tone_id': 'confident', 'tone_name': 'Confident'}]}, 'sentences_tone': [{'sentence_id': 0, 'text': 'Goli maro sabko...all of them are middlemen who earn the most and make a fool of real farmers and retailers.', 'tones': [{'score': 0.537534, 'tone_id': 'sadness', 'tone_name': 'Sadness'}, {'score': 0.598602, 'tone_id': 'confident', 'tone_name': 'Confident'}]}, {'sentence_id': 1, 'text': 'Kisaan se lete hain agriculture produce 9 rupay mein aage bechte hain 20 mein aur hummei  milta hai 30 mei.....rakesh tikait ke assets hain 4 crore ke....this agitation is shit completely rubbish.', 'tones': []}, {'sentence_id': 2, 'text': 'Congress and communist party led.', 'tones': [{'score': 0.687768, 'tone_id': 'analytical', 'tone_name': 'Analytical'}]}, {'sentence_id': 3, 'text': 'Abhi bhi mauka hai goli maro rather tanker lao bomb se udao inko.', 'tones': []}]}"
Prakash Kumar Balekundri,"I am pained to see hooligans in Kisan movements are traitors and antinational by their actions today. Bhagat Singh, with his freedom fighters friends, must be watching from the heavens and crying! I can see many more tragedies are coming to our ways. Beware there are many who don&#39;t want India to strong and superpower! Please let us not play in their hands!!! Wahe Guru ki Jai ! wisdom downs on wiser and sanity will prevail!<br><br>What a shame!","{'document_tone': {'tones': [{'score': 0.582544, 'tone_id': 'sadness', 'tone_name': 'Sadness'}, {'score': 0.590746, 'tone_id': 'joy', 'tone_name': 'Joy'}]}, 'sentences_tone': [{'sentence_id': 0, 'text': 'I am pained to see hooligans in Kisan movements are traitors and antinational by their actions today.', 'tones': []}, {'sentence_id': 1, 'text': 'Bhagat Singh, with his freedom fighters friends, must be watching from the heavens and crying!', 'tones': [{'score': 0.648236, 'tone_id': 'sadness', 'tone_name': 'Sadness'}]}, {'sentence_id': 2, 'text': 'I can see many more tragedies are coming to our ways.', 'tones': [{'score': 0.716541, 'tone_id': 'sadness', 'tone_name': 'Sadness'}]}, {'sentence_id': 3, 'text': 'Beware there are many who don&#39;t want India to strong and superpower!', 'tones': []}, {'sentence_id': 4, 'text': 'Please let us not play in their hands!!! Wahe Guru ki Jai !', 'tones': []}, {'sentence_id': 5, 'text': 'wisdom downs on wiser and sanity will prevail!<br><br>What a shame!', 'tones': [{'score': 0.712224, 'tone_id': 'joy', 'tone_name': 'Joy'}]}]}"
mm d puri,All indians should support our farmers. Govt dragging them to stop agriculture. With out MSP farmers wil get cheated. Brokers and corporates will get befited.,"{'document_tone': {'tones': [{'score': 0.777963, 'tone_id': 'sadness', 'tone_name': 'Sadness'}, {'score': 0.906441, 'tone_id': 'confident', 'tone_name': 'Confident'}]}, 'sentences_tone': [{'sentence_id': 0, 'text': 'All indians should support our farmers.', 'tones': [{'score': 0.741692, 'tone_id': 'sadness', 'tone_name': 'Sadness'}, {'score': 0.942582, 'tone_id': 'confident', 'tone_name': 'Confident'}]}, {'sentence_id': 1, 'text': 'Govt dragging them to stop agriculture.', 'tones': [{'score': 0.64978, 'tone_id': 'sadness', 'tone_name': 'Sadness'}]}, {'sentence_id': 2, 'text': 'With out MSP farmers wil get cheated.', 'tones': [{'score': 0.570442, 'tone_id': 'sadness', 'tone_name': 'Sadness'}]}, {'sentence_id': 3, 'text': 'Brokers and corporates will get befited.', 'tones': []}]}"
sharanpreet singh,"If you tell farmers are misguided,,, man you need to wash your Mind &amp; Mentality,, shame on Government,,,, KissanEktaZIndabaad ðŸ™ŒðŸ™ŒðŸ™ŒðŸ™Œ","{'document_tone': {'tones': [{'score': 0.620279, 'tone_id': 'analytical', 'tone_name': 'Analytical'}]}}"
Shantie Maharaj,What a sad shame dey can listen to lies and deception by Pappu and his lobby disgraceful,"{'document_tone': {'tones': [{'score': 0.502023, 'tone_id': 'sadness', 'tone_name': 'Sadness'}]}}"
Google User,Proud of farmers,"{'document_tone': {'tones': [{'score': 0.871773, 'tone_id': 'joy', 'tone_name': 'Joy'}]}}"
Oldschool Girl3,All over the world farmers are so respected and loved. Shocked to see how Indian farmers are being treated. Indian govt. should be ashamed. Farmers feed the country and are the hardest working people. So sad to see their plight.,"{'document_tone': {'tones': [{'score': 0.742254, 'tone_id': 'sadness', 'tone_name': 'Sadness'}, {'score': 0.580181, 'tone_id': 'joy', 'tone_name': 'Joy'}, {'score': 0.828525, 'tone_id': 'confident', 'tone_name': 'Confident'}]}, 'sentences_tone': [{'sentence_id': 0, 'text': 'All over the world farmers are so respected and loved.', 'tones': [{'score': 0.77399, 'tone_id': 'joy', 'tone_name': 'Joy'}, {'score': 0.849827, 'tone_id': 'confident', 'tone_name': 'Confident'}]}, {'sentence_id': 1, 'text': 'Shocked to see how Indian farmers are being treated.', 'tones': [{'score': 0.746661, 'tone_id': 'sadness', 'tone_name': 'Sadness'}]}, {'sentence_id': 2, 'text': 'Indian govt.', 'tones': [{'score': 0.863653, 'tone_id': 'sadness', 'tone_name': 'Sadness'}]}, {'sentence_id': 3, 'text': 'should be ashamed.', 'tones': [{'score': 0.916667, 'tone_id': 'sadness', 'tone_name': 'Sadness'}]}, {'sentence_id': 4, 'text': 'Farmers feed the country and are the hardest working people.', 'tones': [{'score': 0.710318, 'tone_id': 'sadness', 'tone_name': 'Sadness'}]}, {'sentence_id': 5, 'text': 'So sad to see their plight.', 'tones': [{'score': 0.897721, 'tone_id': 'sadness', 'tone_name': 'Sadness'}]}]}"
Rashmikant Patel,This Law Good For 85 %Small KISHAN  !!<br>This Law Kala Kanoon For Big KISHAN Adatiya!!!!<br>They Loosing Monopoly over Small KISHAN â¤ï¸â¤ï¸â¤ï¸â¤ï¸,"{'document_tone': {'tones': [{'score': 0.839006, 'tone_id': 'joy', 'tone_name': 'Joy'}]}}"
Rashmikant Patel,Why We Needs Parliament???<br>Make Law !<br>We No Need Now <br>No Law !,"{'document_tone': {'tones': [{'score': 0.618163, 'tone_id': 'confident', 'tone_name': 'Confident'}]}, 'sentences_tone': [{'sentence_id': 0, 'text': 'Why We Needs Parliament???<br>Make Law !<br>We', 'tones': [{'score': 0.660207, 'tone_id': 'confident', 'tone_name': 'Confident'}]}, {'sentence_id': 1, 'text': 'No Need Now <br>No Law !', 'tones': [{'score': 0.869282, 'tone_id': 'joy', 'tone_name': 'Joy'}, {'score': 0.556444, 'tone_id': 'tentative', 'tone_name': 'Tentative'}]}]}"
Rashmikant Patel,"Small KISHAN &gt; Can I Sale Outside Mandi ???<br>Adatiya &gt; Say NO ! <br>We Are KISHAN And Adatiya So We Make Law , Not Small KISHAN!<br>Small KISHAN Becomes Happy Then Who Work in Big KISHAN Farm ??","{'document_tone': {'tones': [{'score': 0.634343, 'tone_id': 'joy', 'tone_name': 'Joy'}]}, 'sentences_tone': [{'sentence_id': 0, 'text': 'Small KISHAN &gt; Can I Sale Outside Mandi ???<br>Adatiya &gt; Say NO !', 'tones': []}, {'sentence_id': 1, 'text': '<br>We Are KISHAN And Adatiya So We Make Law , Not Small KISHAN!<br>Small KISHAN Becomes Happy Then Who Work in Big KISHAN Farm ??', 'tones': [{'score': 0.783197, 'tone_id': 'joy', 'tone_name': 'Joy'}]}]}"
Rashmikant Patel,This Is Adatiya Protest !<br>All Small KISHAN With Goverment And Law !!!,"{'document_tone': {'tones': [{'score': 0.55244, 'tone_id': 'joy', 'tone_name': 'Joy'}, {'score': 0.898327, 'tone_id': 'confident', 'tone_name': 'Confident'}]}}"
Set Knowledge,Most states NO MONEY ðŸ˜„<br>DELHI    ?<br>    GDP growth how much,"{'document_tone': {'tones': [{'score': 0.865388, 'tone_id': 'tentative', 'tone_name': 'Tentative'}]}, 'sentences_tone': [{'sentence_id': 0, 'text': 'Most states NO MONEY ðŸ˜„<br>DELHI    ?<br>', 'tones': [{'score': 0.615352, 'tone_id': 'tentative', 'tone_name': 'Tentative'}]}, {'sentence_id': 1, 'text': 'GDP growth how much', 'tones': [{'score': 0.590964, 'tone_id': 'joy', 'tone_name': 'Joy'}]}]}"
,,{'document_tone': {'tones': []}}
Jim Zaildar,Kisan ekta zindabad,{'document_tone': {'tones': []}}
Abhi Raj Singh,Oh wow veere Maratha have also reached Delhi. Ashok Dhavale ji ðŸ™ðŸ¼ðŸ™ðŸ¼,"{'document_tone': {'tones': [{'score': 0.551643, 'tone_id': 'joy', 'tone_name': 'Joy'}]}, 'sentences_tone': [{'sentence_id': 0, 'text': 'Oh wow veere Maratha have also reached Delhi.', 'tones': []}, {'sentence_id': 1, 'text': 'Ashok Dhavale ji ðŸ™\x8fðŸ\x8f¼ðŸ™\x8fðŸ\x8f¼', 'tones': []}]}"
Joy Peter,Modi and BJP must resign and get out of Delhi.<br>ModiÂ  is a lier..an Inefficient inept and racist PM.,{'document_tone': {'tones': []}}
Vijaysekhar Alajangi,Why don&#39;t India Today shows amravati farmers news in national media who r protesting about capital  for the last 350 days,"{'document_tone': {'tones': [{'score': 0.750471, 'tone_id': 'sadness', 'tone_name': 'Sadness'}]}}"
,,{'document_tone': {'tones': []}}
person unknown,Jinko lagta hai ki kisano ki bill ke baare mei pta nhi vo youtube par search kro &quot; Balbir singh rajewal interview&quot;. Balbir singh is andolan ko lead kr rhe hai punjab ki 32  farmer unions mei se ek ke leader hai. Suno unka interview. Mooh band ka bandh reh jayega sunkar sachaai kanoon ki.,"{'document_tone': {'tones': []}, 'sentences_tone': [{'sentence_id': 0, 'text': 'Jinko lagta hai ki kisano ki bill ke baare mei pta nhi vo youtube par search kro &quot; Balbir singh rajewal interview&quot;.', 'tones': []}, {'sentence_id': 1, 'text': 'Balbir singh is andolan ko lead kr rhe hai punjab ki 32  farmer unions mei se ek ke leader hai.', 'tones': [{'score': 0.687768, 'tone_id': 'analytical', 'tone_name': 'Analytical'}]}, {'sentence_id': 2, 'text': 'Suno unka interview.', 'tones': [{'score': 0.527707, 'tone_id': 'joy', 'tone_name': 'Joy'}]}, {'sentence_id': 3, 'text': 'Mooh band ka bandh reh jayega sunkar sachaai kanoon ki.', 'tones': []}]}"
Loma Zuala,"Good reporting... Every voice deserves to be heard and specially the working class. I hope they get what they are fighting for, I wish I could help more. I don&#39;t know the full story but I know that these hard working people will not leave their work place unless they are at desperate condition. Keep fighting ðŸ‘","{'document_tone': {'tones': [{'score': 0.605531, 'tone_id': 'sadness', 'tone_name': 'Sadness'}, {'score': 0.56352, 'tone_id': 'analytical', 'tone_name': 'Analytical'}, {'score': 0.564885, 'tone_id': 'tentative', 'tone_name': 'Tentative'}]}, 'sentences_tone': [{'sentence_id': 0, 'text': 'Good reporting... Every voice deserves to be heard and specially the working class.', 'tones': [{'score': 0.657014, 'tone_id': 'joy', 'tone_name': 'Joy'}, {'score': 0.775702, 'tone_id': 'confident', 'tone_name': 'Confident'}]}, {'sentence_id': 1, 'text': 'I hope they get what they are fighting for, I wish I could help more.', 'tones': [{'score': 0.591873, 'tone_id': 'fear', 'tone_name': 'Fear'}, {'score': 0.904882, 'tone_id': 'tentative', 'tone_name': 'Tentative'}]}, {'sentence_id': 2, 'text': 'I don&#39;t know the full story but I know that these hard working people will not leave their work place unless they are at desperate condition.', 'tones': [{'score': 0.585842, 'tone_id': 'sadness', 'tone_name': 'Sadness'}, {'score': 0.681329, 'tone_id': 'analytical', 'tone_name': 'Analytical'}]}, {'sentence_id': 3, 'text': 'Keep fighting ðŸ‘\x8d', 'tones': []}]}"
Ahmedullah Qasmi,ðŸ’šðŸ’šðŸ’šðŸ’•ðŸ’›â£â£ðŸ’ðŸ’ðŸ’ŸðŸ’ŸðŸ’Ÿâ¤â¤ðŸŒ¿â˜˜ðŸ€ðŸŒ»âš˜ðŸŒ·ðŸŒº,{'document_tone': {'tones': []}}
Sabbsingh rai sabb Karan att,à¨®à©‹à¨¦à©€ à¨¸à¨°à¨•à¨¾à¨° ðŸ•ðŸ•ðŸ•ðŸ•ðŸ•ðŸ•ðŸ•ðŸ•ðŸ•ðŸ•ðŸ•ðŸ•ðŸ•ðŸ•ðŸ•ðŸ•ðŸ•ðŸ•ðŸ˜­ðŸ˜­ðŸ˜­ðŸ˜­ðŸ˜­ðŸ˜­ðŸ˜­ðŸ˜­ðŸ˜­ðŸ˜­ðŸ˜­ðŸ˜­ðŸ˜­ðŸ˜­ðŸ˜­,{'document_tone': {'tones': []}}
Sabbsingh rai sabb Karan att,"à¨•à¨¿à¨¸à¨¾à¨¨ à¨®à¨œà¨¼à¨¦à©‚à¨° à¨à¨•à¨¤à¨¾ à¨œà¨¿à©°à¨¦à¨¾à¨¬à¨¾à¨¦, ðŸšœðŸšœðŸšœðŸšœðŸšœðŸšœðŸšœðŸšœðŸ’¯ðŸ’¯ðŸ’¯ðŸ‡®ðŸ‡³ðŸ‡®ðŸ‡³ðŸ‡®ðŸ‡³ðŸ‡®ðŸ‡³ðŸ‡®ðŸ‡³ðŸ‡®ðŸ‡³ðŸ‡®ðŸ‡³ðŸ‡®ðŸ‡³ðŸ‡®ðŸ‡³ðŸ‡®ðŸ‡³ðŸ‡®ðŸ‡³ðŸ™ðŸ»ðŸ™ðŸ»ðŸ™ðŸ»ðŸ™ðŸ»ðŸ™ðŸ»ðŸ™ðŸ»ðŸ™ðŸ»ðŸ™ðŸ»ðŸ™ðŸ»ðŸ™ðŸ»ðŸ™ðŸ»ðŸ™ðŸ»ðŸ™ðŸ»ðŸ™ðŸ»","{'document_tone': {'tones': [{'score': 0.631175, 'tone_id': 'joy', 'tone_name': 'Joy'}]}}"
GOI DER,Nice nwes,"{'document_tone': {'tones': [{'score': 0.958169, 'tone_id': 'joy', 'tone_name': 'Joy'}]}}"
Noel b ainikkal,"Midi destroyed agriculture economy , finance and social harmony    all in danger this govmt only supports corporates and EVM PM always do such thing.","{'document_tone': {'tones': [{'score': 0.560006, 'tone_id': 'fear', 'tone_name': 'Fear'}, {'score': 0.812632, 'tone_id': 'confident', 'tone_name': 'Confident'}]}}"
new reach,"Modi sponsored division/diversionsÂ  to divert from farmer protest.Â Â  <br>1. TN Rajini anti periyar entry<br>2. Kangan playing brahmin Jayalalitha and rabit tweets<br>3. Hydrabad tiny municipal election!<br>4. Yadda is paid by Modi from gst, 50 crores to maratha votebank ( who never asked for it) for son&#39;s entry into election forcing  state welfare orgs to organize karnataka bandh to overall show bandhs have no meanings and to shadow delhi farmer protest. He also shut down powertv which exposed RTGS scam after the scam of buying judges 100 crore each.<br>5. Varanasi laser show( gst to wizkraft)<br>6. Central Vista 20k crore.<br>7. Khattar saying no haryana farmer<br>8. Covid vaccine tour when idiot is not required.","{'document_tone': {'tones': [{'score': 0.527751, 'tone_id': 'joy', 'tone_name': 'Joy'}, {'score': 0.56267, 'tone_id': 'anger', 'tone_name': 'Anger'}]}, 'sentences_tone': [{'sentence_id': 0, 'text': 'Modi sponsored division/diversionsÂ\xa0 to divert from farmer protest.Â\xa0Â\xa0 <br>1.', 'tones': []}, {'sentence_id': 1, 'text': 'TN Rajini anti periyar entry<br>2.', 'tones': []}, {'sentence_id': 2, 'text': 'Kangan playing brahmin Jayalalitha and rabit tweets<br>3.', 'tones': [{'score': 0.59706, 'tone_id': 'joy', 'tone_name': 'Joy'}]}, {'sentence_id': 3, 'text': 'Hydrabad tiny municipal election!<br>4.', 'tones': [{'score': 0.560467, 'tone_id': 'joy', 'tone_name': 'Joy'}]}, {'sentence_id': 4, 'text': 'Yadda is paid by Modi from gst, 50 crores to maratha votebank ( who never asked for it) for son&#39;s entry into election forcing  state welfare orgs to organize karnataka bandh to overall show bandhs have no meanings and to shadow delhi farmer protest.', 'tones': []}, {'sentence_id': 5, 'text': 'He also shut down powertv which exposed RTGS scam after the scam of buying judges 100 crore each.<br>5.', 'tones': [{'score': 0.792847, 'tone_id': 'anger', 'tone_name': 'Anger'}]}, {'sentence_id': 6, 'text': 'Varanasi laser show( gst to wizkraft)<br>6.', 'tones': []}, {'sentence_id': 7, 'text': 'Central Vista 20k crore.<br>7.', 'tones': []}, {'sentence_id': 8, 'text': 'Khattar saying no haryana farmer<br>8.', 'tones': []}, {'sentence_id': 9, 'text': 'Covid vaccine tour when idiot is not required.', 'tones': [{'score': 0.64274, 'tone_id': 'anger', 'tone_name': 'Anger'}]}]}"
,,{'document_tone': {'tones': []}}
,,{'document_tone': {'tones': []}}
,,{'document_tone': {'tones': []}}
