,id,message,tone
0,211,Sushant Singh Rajput's ex-manager Disha Salian commits suicide in Mumbai 6 days ago ... Today Sushant Singh Rajput committed suicide.... Offcourse both suicide has no relation with each other,"{'document_tone': {'tones': [{'score': 0.86973, 'tone_id': 'sadness', 'tone_name': 'Sadness'}]}}"
1,212,RIP,{'document_tone': {'tones': []}}
2,213,Why movie Chichore then?,"{'document_tone': {'tones': [{'score': 0.762356, 'tone_id': 'analytical', 'tone_name': 'Analytical'}]}}"
3,214,RIPü§≤ü§≤ü§≤ü§≤,{'document_tone': {'tones': []}}
4,215,Rest in peace  Depression is real  Film industry is very dark ,"{'document_tone': {'tones': [{'score': 0.927689, 'tone_id': 'sadness', 'tone_name': 'Sadness'}, {'score': 0.913755, 'tone_id': 'confident', 'tone_name': 'Confident'}]}}"
5,216,Unbelievable üò≠,"{'document_tone': {'tones': [{'score': 0.924735, 'tone_id': 'sadness', 'tone_name': 'Sadness'}]}}"
6,217,OMG.... Shocking news üòí so early to leave ,{'document_tone': {'tones': []}}
7,218,"Strange, a few days after his ex-manager's suicide, may his soul rest in peace.","{'document_tone': {'tones': [{'score': 0.866039, 'tone_id': 'sadness', 'tone_name': 'Sadness'}, {'score': 0.681699, 'tone_id': 'tentative', 'tone_name': 'Tentative'}]}}"
8,219,Sad.. :(,"{'document_tone': {'tones': [{'score': 0.975476, 'tone_id': 'sadness', 'tone_name': 'Sadness'}]}}"
9,220,Keerthana Thiyagharajan ,{'document_tone': {'tones': []}}
10,221,Wtf is happening is this because of no income ,"{'document_tone': {'tones': [{'score': 0.747641, 'tone_id': 'anger', 'tone_name': 'Anger'}]}}"
11,222,RIP,{'document_tone': {'tones': []}}
12,223,Sushant Singh Rajput's ex-manager Disha Salian commits suicide in Mumbai 6 days ago ... Today Sushant Singh Rajput committed suicide....,"{'document_tone': {'tones': [{'score': 0.858619, 'tone_id': 'sadness', 'tone_name': 'Sadness'}, {'score': 0.638987, 'tone_id': 'confident', 'tone_name': 'Confident'}]}}"
13,224,OMG,{'document_tone': {'tones': []}}
14,225,Oh.no..why?? Such a great actor..,"{'document_tone': {'tones': [{'score': 0.764191, 'tone_id': 'joy', 'tone_name': 'Joy'}]}, 'sentences_tone': [{'sentence_id': 0, 'text': 'Oh.no..why??', 'tones': []}, {'sentence_id': 1, 'text': 'Such a great actor..', 'tones': [{'score': 0.826024, 'tone_id': 'joy', 'tone_name': 'Joy'}]}]}"
15,226,Rip,{'document_tone': {'tones': []}}
16,227,"Rip. Hard to believe ""suicide""","{'document_tone': {'tones': [{'score': 0.910846, 'tone_id': 'sadness', 'tone_name': 'Sadness'}, {'score': 0.968123, 'tone_id': 'tentative', 'tone_name': 'Tentative'}]}}"
17,228,Sad,"{'document_tone': {'tones': [{'score': 1.0, 'tone_id': 'sadness', 'tone_name': 'Sadness'}]}}"
18,229,Can we skip to 2021... please...,{'document_tone': {'tones': []}}
19,230,Really it's shocking....RIP,"{'document_tone': {'tones': [{'score': 0.59169, 'tone_id': 'sadness', 'tone_name': 'Sadness'}, {'score': 0.920855, 'tone_id': 'analytical', 'tone_name': 'Analytical'}]}}"
20,231,Shocking!,"{'document_tone': {'tones': [{'score': 0.899344, 'tone_id': 'anger', 'tone_name': 'Anger'}]}}"
21,232,Very shocking,"{'document_tone': {'tones': [{'score': 0.899344, 'tone_id': 'anger', 'tone_name': 'Anger'}, {'score': 0.996934, 'tone_id': 'confident', 'tone_name': 'Confident'}]}}"
22,233,"It cnt be coincidence that both commited sucide , someone is behind it . He was a fine actor so sad","{'document_tone': {'tones': [{'score': 0.770567, 'tone_id': 'sadness', 'tone_name': 'Sadness'}, {'score': 0.911392, 'tone_id': 'tentative', 'tone_name': 'Tentative'}]}, 'sentences_tone': [{'sentence_id': 0, 'text': 'It cnt be coincidence that both commited sucide , someone is behind it .', 'tones': [{'score': 0.75152, 'tone_id': 'tentative', 'tone_name': 'Tentative'}]}, {'sentence_id': 1, 'text': 'He was a fine actor so sad', 'tones': [{'score': 0.920225, 'tone_id': 'sadness', 'tone_name': 'Sadness'}]}]}"
23,234,Completely shocking. Is suicide a solution to all ur problems. RIP ,"{'document_tone': {'tones': [{'score': 0.821153, 'tone_id': 'sadness', 'tone_name': 'Sadness'}, {'score': 0.994026, 'tone_id': 'confident', 'tone_name': 'Confident'}]}, 'sentences_tone': [{'sentence_id': 0, 'text': 'Completely shocking.', 'tones': [{'score': 0.996934, 'tone_id': 'confident', 'tone_name': 'Confident'}]}, {'sentence_id': 1, 'text': 'Is suicide a solution to all ur problems.', 'tones': [{'score': 0.906053, 'tone_id': 'sadness', 'tone_name': 'Sadness'}, {'score': 0.898327, 'tone_id': 'confident', 'tone_name': 'Confident'}]}, {'sentence_id': 2, 'text': 'RIP', 'tones': []}]}"
24,235,Ah!! So sad... What made him take such step???,"{'document_tone': {'tones': [{'score': 0.646438, 'tone_id': 'sadness', 'tone_name': 'Sadness'}]}, 'sentences_tone': [{'sentence_id': 0, 'text': 'Ah!!', 'tones': []}, {'sentence_id': 1, 'text': 'So sad... What made him take such step???', 'tones': [{'score': 0.65622, 'tone_id': 'sadness', 'tone_name': 'Sadness'}]}]}"
25,238,Adverse times show how vulnerable people are.  And Bollywood is full of vulnerable people.,"{'document_tone': {'tones': [{'score': 0.643957, 'tone_id': 'sadness', 'tone_name': 'Sadness'}]}, 'sentences_tone': [{'sentence_id': 0, 'text': 'Adverse times show how vulnerable people are.', 'tones': [{'score': 0.675411, 'tone_id': 'sadness', 'tone_name': 'Sadness'}]}, {'sentence_id': 1, 'text': 'And Bollywood is full of vulnerable people.', 'tones': [{'score': 0.600749, 'tone_id': 'sadness', 'tone_name': 'Sadness'}]}]}"
26,239,How? Why? This is unbelievable,"{'document_tone': {'tones': []}, 'sentences_tone': [{'sentence_id': 0, 'text': 'How? Why?', 'tones': []}, {'sentence_id': 1, 'text': 'This is unbelievable', 'tones': []}]}"
27,240,Omg,{'document_tone': {'tones': []}}
28,241,It's really shocking...,"{'document_tone': {'tones': [{'score': 0.955445, 'tone_id': 'analytical', 'tone_name': 'Analytical'}]}}"
29,242,Om shanti,{'document_tone': {'tones': []}}
30,243,Unbelievable ,{'document_tone': {'tones': []}}
31,244,"o my god ,, can't believe ,,, very very sad demise,, ","{'document_tone': {'tones': [{'score': 0.845699, 'tone_id': 'sadness', 'tone_name': 'Sadness'}, {'score': 0.70123, 'tone_id': 'tentative', 'tone_name': 'Tentative'}]}}"
32,245,o noooooo whyy???,{'document_tone': {'tones': []}}
33,246,Why so...suicide is not the solution,"{'document_tone': {'tones': [{'score': 0.883079, 'tone_id': 'sadness', 'tone_name': 'Sadness'}]}}"
34,247,Shocking...Sad...Amazing Talent...RIP...üôè,"{'document_tone': {'tones': [{'score': 0.840981, 'tone_id': 'sadness', 'tone_name': 'Sadness'}]}}"
35,248,Shanky Chalany Rakesh Hans ,{'document_tone': {'tones': []}}
36,249,Please don‚Äôt make fun of any one u guys were enjoying on afridi ,"{'document_tone': {'tones': [{'score': 0.883193, 'tone_id': 'joy', 'tone_name': 'Joy'}, {'score': 0.716301, 'tone_id': 'tentative', 'tone_name': 'Tentative'}]}}"
37,250,Manoj Narwal,{'document_tone': {'tones': []}}
38,251,OMG!!! Ripüôè,{'document_tone': {'tones': []}}
39,252,Mushaim Azhan yes ,{'document_tone': {'tones': []}}
40,253,Shocked!! He was so good .. I really liked him as MS Dhoni !! üíî,"{'document_tone': {'tones': [{'score': 0.504191, 'tone_id': 'joy', 'tone_name': 'Joy'}]}, 'sentences_tone': [{'sentence_id': 0, 'text': 'Shocked!!', 'tones': [{'score': 0.857143, 'tone_id': 'fear', 'tone_name': 'Fear'}]}, {'sentence_id': 1, 'text': 'He was so good .. I really liked him as MS Dhoni !! üíî', 'tones': [{'score': 0.550815, 'tone_id': 'joy', 'tone_name': 'Joy'}]}]}"
41,254,I can‚Äôt believe it,"{'document_tone': {'tones': [{'score': 0.984352, 'tone_id': 'tentative', 'tone_name': 'Tentative'}]}}"
42,255,Sarfaraz dokha de gaya ...Rip,"{'document_tone': {'tones': [{'score': 0.863394, 'tone_id': 'sadness', 'tone_name': 'Sadness'}]}}"
43,256,I can't believe this,"{'document_tone': {'tones': [{'score': 0.984352, 'tone_id': 'tentative', 'tone_name': 'Tentative'}]}}"
44,257,Parveen,{'document_tone': {'tones': []}}
45,258,Extremely shocked üò±üò±üò±,"{'document_tone': {'tones': [{'score': 0.669761, 'tone_id': 'fear', 'tone_name': 'Fear'}, {'score': 0.97759, 'tone_id': 'confident', 'tone_name': 'Confident'}]}}"
46,259,How is this even possible. What is happening. A amazing talent. RIP.,"{'document_tone': {'tones': [{'score': 0.537943, 'tone_id': 'joy', 'tone_name': 'Joy'}, {'score': 0.994704, 'tone_id': 'tentative', 'tone_name': 'Tentative'}]}, 'sentences_tone': [{'sentence_id': 0, 'text': 'How is this even possible.', 'tones': [{'score': 0.997314, 'tone_id': 'tentative', 'tone_name': 'Tentative'}]}, {'sentence_id': 1, 'text': 'What is happening.', 'tones': []}, {'sentence_id': 2, 'text': 'A amazing talent.', 'tones': [{'score': 0.925462, 'tone_id': 'joy', 'tone_name': 'Joy'}]}, {'sentence_id': 3, 'text': 'RIP.', 'tones': []}]}"
47,260,Really???,"{'document_tone': {'tones': [{'score': 0.997482, 'tone_id': 'analytical', 'tone_name': 'Analytical'}]}}"
48,261,Srinivas N Oh God ,{'document_tone': {'tones': []}}
49,262,Feeling very bad..it's not good time for celebrities ...RIP,"{'document_tone': {'tones': [{'score': 0.857902, 'tone_id': 'sadness', 'tone_name': 'Sadness'}, {'score': 0.849827, 'tone_id': 'confident', 'tone_name': 'Confident'}]}}"
50,265,"Really sad, may his soul rest in peace. Strength to the family. Such a fine actor.","{'document_tone': {'tones': [{'score': 0.875049, 'tone_id': 'sadness', 'tone_name': 'Sadness'}, {'score': 0.936899, 'tone_id': 'tentative', 'tone_name': 'Tentative'}, {'score': 0.750021, 'tone_id': 'analytical', 'tone_name': 'Analytical'}]}, 'sentences_tone': [{'sentence_id': 0, 'text': 'Really sad, may his soul rest in peace.', 'tones': [{'score': 0.897773, 'tone_id': 'sadness', 'tone_name': 'Sadness'}, {'score': 0.88939, 'tone_id': 'tentative', 'tone_name': 'Tentative'}, {'score': 0.803567, 'tone_id': 'analytical', 'tone_name': 'Analytical'}]}, {'sentence_id': 1, 'text': 'Strength to the family.', 'tones': [{'score': 0.741561, 'tone_id': 'joy', 'tone_name': 'Joy'}]}, {'sentence_id': 2, 'text': 'Such a fine actor.', 'tones': []}]}"
51,266,It's disgusting why people resort to these kind of suicides. There is a solution for everything.  Sad to hear the news.,"{'document_tone': {'tones': [{'score': 0.844745, 'tone_id': 'sadness', 'tone_name': 'Sadness'}, {'score': 0.893364, 'tone_id': 'tentative', 'tone_name': 'Tentative'}, {'score': 0.673826, 'tone_id': 'analytical', 'tone_name': 'Analytical'}]}, 'sentences_tone': [{'sentence_id': 0, 'text': ""It's disgusting why people resort to these kind of suicides."", 'tones': [{'score': 0.550443, 'tone_id': 'sadness', 'tone_name': 'Sadness'}, {'score': 0.822231, 'tone_id': 'tentative', 'tone_name': 'Tentative'}]}, {'sentence_id': 1, 'text': 'There is a solution for everything.', 'tones': [{'score': 0.669267, 'tone_id': 'joy', 'tone_name': 'Joy'}, {'score': 0.842108, 'tone_id': 'analytical', 'tone_name': 'Analytical'}]}, {'sentence_id': 2, 'text': 'Sad to hear the news.', 'tones': [{'score': 0.841843, 'tone_id': 'sadness', 'tone_name': 'Sadness'}]}]}"
52,267,Anii Of Chichoray Is No More,{'document_tone': {'tones': []}}
53,268,So sadüò¢,"{'document_tone': {'tones': [{'score': 0.956451, 'tone_id': 'sadness', 'tone_name': 'Sadness'}]}}"
54,269,Whats wrong? Why? Gone too soon.  RIP.,"{'document_tone': {'tones': [{'score': 0.694642, 'tone_id': 'sadness', 'tone_name': 'Sadness'}]}, 'sentences_tone': [{'sentence_id': 0, 'text': 'Whats wrong?', 'tones': [{'score': 0.586306, 'tone_id': 'sadness', 'tone_name': 'Sadness'}]}, {'sentence_id': 1, 'text': 'Why? Gone too soon.', 'tones': []}, {'sentence_id': 2, 'text': 'RIP.', 'tones': []}]}"
55,270,"Man, you are a hero, why did you end your lifeüò•üò•","{'document_tone': {'tones': [{'score': 0.55782, 'tone_id': 'sadness', 'tone_name': 'Sadness'}]}}"
56,271,RIP Sushant Singh Rajput,"{'document_tone': {'tones': [{'score': 0.75583, 'tone_id': 'sadness', 'tone_name': 'Sadness'}]}}"
57,272,Omg... saddest news from Bollywood after Irfan and Rishi sir...,"{'document_tone': {'tones': [{'score': 0.854583, 'tone_id': 'sadness', 'tone_name': 'Sadness'}]}}"
58,273,RIP üíê,"{'document_tone': {'tones': [{'score': 0.735446, 'tone_id': 'sadness', 'tone_name': 'Sadness'}]}}"
59,274,Is tht true news,"{'document_tone': {'tones': [{'score': 0.898327, 'tone_id': 'confident', 'tone_name': 'Confident'}]}}"
60,275,Gevarghese kV: right not during this 15 minutes I read 5-6  news articles where I found a lot of links of doubt.,"{'document_tone': {'tones': [{'score': 0.653099, 'tone_id': 'analytical', 'tone_name': 'Analytical'}, {'score': 0.659112, 'tone_id': 'tentative', 'tone_name': 'Tentative'}]}}"
61,276,Very much Shocking .. üåπ RIP üåπ,"{'document_tone': {'tones': [{'score': 0.508523, 'tone_id': 'sadness', 'tone_name': 'Sadness'}, {'score': 0.97759, 'tone_id': 'confident', 'tone_name': 'Confident'}]}}"
62,277,Film industry is very Dark,"{'document_tone': {'tones': [{'score': 0.961633, 'tone_id': 'confident', 'tone_name': 'Confident'}]}}"
63,278,Rip,{'document_tone': {'tones': []}}
64,279,WHAT!!!!!! Oh my God.,{'document_tone': {'tones': []}}
65,280,Zero sympathy.  He was younge. Problems n depression knocks everyone's door. This is not the way. World has never been a place fr a weak person.,"{'document_tone': {'tones': [{'score': 0.779936, 'tone_id': 'sadness', 'tone_name': 'Sadness'}, {'score': 0.596122, 'tone_id': 'analytical', 'tone_name': 'Analytical'}, {'score': 0.770765, 'tone_id': 'confident', 'tone_name': 'Confident'}]}, 'sentences_tone': [{'sentence_id': 0, 'text': 'Zero sympathy.', 'tones': [{'score': 0.690967, 'tone_id': 'sadness', 'tone_name': 'Sadness'}]}, {'sentence_id': 1, 'text': 'He was younge.', 'tones': [{'score': 0.880435, 'tone_id': 'joy', 'tone_name': 'Joy'}]}, {'sentence_id': 2, 'text': ""Problems n depression knocks everyone's door."", 'tones': [{'score': 0.796931, 'tone_id': 'sadness', 'tone_name': 'Sadness'}, {'score': 0.873624, 'tone_id': 'analytical', 'tone_name': 'Analytical'}]}, {'sentence_id': 3, 'text': 'This is not the way.', 'tones': []}, {'sentence_id': 4, 'text': 'World has never been a place fr a weak person.', 'tones': [{'score': 0.502507, 'tone_id': 'sadness', 'tone_name': 'Sadness'}, {'score': 0.618451, 'tone_id': 'confident', 'tone_name': 'Confident'}]}]}"
66,281,Very Shocking news.. He can't do such a coward act.. RIP nice soul..,"{'document_tone': {'tones': [{'score': 0.647541, 'tone_id': 'sadness', 'tone_name': 'Sadness'}, {'score': 0.966751, 'tone_id': 'confident', 'tone_name': 'Confident'}]}, 'sentences_tone': [{'sentence_id': 0, 'text': 'Very Shocking news..', 'tones': [{'score': 0.989586, 'tone_id': 'confident', 'tone_name': 'Confident'}]}, {'sentence_id': 1, 'text': ""He can't do such a coward act.. RIP nice soul.."", 'tones': [{'score': 0.611037, 'tone_id': 'sadness', 'tone_name': 'Sadness'}]}]}"
67,282,Tragic.,{'document_tone': {'tones': []}}
68,283,This is shocking and feels like something is fishy as his manager also committed suicide 4 days ago. Just so sad üòû,"{'document_tone': {'tones': [{'score': 0.929345, 'tone_id': 'sadness', 'tone_name': 'Sadness'}, {'score': 0.986227, 'tone_id': 'tentative', 'tone_name': 'Tentative'}]}, 'sentences_tone': [{'sentence_id': 0, 'text': 'This is shocking and feels like something is fishy as his manager also committed suicide 4 days ago.', 'tones': [{'score': 0.832421, 'tone_id': 'sadness', 'tone_name': 'Sadness'}, {'score': 0.75152, 'tone_id': 'tentative', 'tone_name': 'Tentative'}]}, {'sentence_id': 1, 'text': 'Just so sad üòû', 'tones': [{'score': 0.972377, 'tone_id': 'sadness', 'tone_name': 'Sadness'}, {'score': 0.994446, 'tone_id': 'tentative', 'tone_name': 'Tentative'}]}]}"
69,284,"Why he committed suicide?, coward","{'document_tone': {'tones': [{'score': 0.767061, 'tone_id': 'sadness', 'tone_name': 'Sadness'}, {'score': 0.849827, 'tone_id': 'confident', 'tone_name': 'Confident'}]}}"
70,285,Rip,{'document_tone': {'tones': []}}
71,286,Shocking,"{'document_tone': {'tones': [{'score': 0.899344, 'tone_id': 'anger', 'tone_name': 'Anger'}]}}"
72,287,Why?üò•,"{'document_tone': {'tones': [{'score': 0.720142, 'tone_id': 'sadness', 'tone_name': 'Sadness'}]}}"
73,288,Very shocking..RIP ,"{'document_tone': {'tones': [{'score': 0.583202, 'tone_id': 'sadness', 'tone_name': 'Sadness'}, {'score': 0.989586, 'tone_id': 'confident', 'tone_name': 'Confident'}]}}"
74,289,Such a shocking news.RIP,"{'document_tone': {'tones': [{'score': 0.609594, 'tone_id': 'sadness', 'tone_name': 'Sadness'}]}}"
75,292,Aishwarya Panchatsaram omgg omggg,{'document_tone': {'tones': []}}
76,293,Very shocking news,"{'document_tone': {'tones': [{'score': 0.989586, 'tone_id': 'confident', 'tone_name': 'Confident'}]}}"
77,294,Must been so hard and difficult for such souls! R.I.P Sushant‚ú®üåà,"{'document_tone': {'tones': [{'score': 0.567834, 'tone_id': 'joy', 'tone_name': 'Joy'}, {'score': 0.901164, 'tone_id': 'confident', 'tone_name': 'Confident'}]}, 'sentences_tone': [{'sentence_id': 0, 'text': 'Must been so hard and difficult for such souls!', 'tones': [{'score': 0.800438, 'tone_id': 'sadness', 'tone_name': 'Sadness'}, {'score': 0.660207, 'tone_id': 'confident', 'tone_name': 'Confident'}]}, {'sentence_id': 1, 'text': 'R.I.P Sushant‚ú®üåà', 'tones': [{'score': 0.858173, 'tone_id': 'joy', 'tone_name': 'Joy'}]}]}"
78,295,RIP Sarfaraz,"{'document_tone': {'tones': [{'score': 0.819904, 'tone_id': 'sadness', 'tone_name': 'Sadness'}]}}"
79,296,"OMG, that's a shocking news. He was such a fine actor. RIP Sushantüôè","{'document_tone': {'tones': []}, 'sentences_tone': [{'sentence_id': 0, 'text': ""OMG, that's a shocking news."", 'tones': []}, {'sentence_id': 1, 'text': 'He was such a fine actor.', 'tones': []}, {'sentence_id': 2, 'text': 'RIP Sushantüôè', 'tones': [{'score': 0.583428, 'tone_id': 'sadness', 'tone_name': 'Sadness'}]}]}"
80,297,Extremely shocking,"{'document_tone': {'tones': [{'score': 0.97759, 'tone_id': 'confident', 'tone_name': 'Confident'}]}}"
81,298,This year is a cursed one.... just wrap it up God. Such a lose ... suspicious too. Om shantiüôèüèªüôèüèªüòîüòî,"{'document_tone': {'tones': [{'score': 0.653282, 'tone_id': 'sadness', 'tone_name': 'Sadness'}, {'score': 0.966403, 'tone_id': 'tentative', 'tone_name': 'Tentative'}]}, 'sentences_tone': [{'sentence_id': 0, 'text': 'This year is a cursed one.... just wrap it up God.', 'tones': [{'score': 0.549645, 'tone_id': 'joy', 'tone_name': 'Joy'}, {'score': 0.786991, 'tone_id': 'tentative', 'tone_name': 'Tentative'}]}, {'sentence_id': 1, 'text': 'Such a lose ... suspicious too.', 'tones': [{'score': 0.538228, 'tone_id': 'sadness', 'tone_name': 'Sadness'}, {'score': 0.822231, 'tone_id': 'tentative', 'tone_name': 'Tentative'}]}, {'sentence_id': 2, 'text': 'Om shantiüôèüèªüôèüèªüòîüòî', 'tones': [{'score': 0.502484, 'tone_id': 'sadness', 'tone_name': 'Sadness'}]}]}"
82,299,What is the main reason behind this suicide????,"{'document_tone': {'tones': [{'score': 0.506789, 'tone_id': 'sadness', 'tone_name': 'Sadness'}, {'score': 0.762356, 'tone_id': 'analytical', 'tone_name': 'Analytical'}]}}"
83,300,The untold storyüòîüòî,"{'document_tone': {'tones': [{'score': 0.845258, 'tone_id': 'sadness', 'tone_name': 'Sadness'}]}}"
84,301,üíîüôè,"{'document_tone': {'tones': [{'score': 0.69578, 'tone_id': 'sadness', 'tone_name': 'Sadness'}]}}"
85,302,"Very cowardly act and shocking news after getting famous one do not need to come to this decision. It is an irony that people have started thinking that success is going to be the only yardstick to live on this planet, then we have to think and sympathize with people like Rahul Gandhi how difficult and helpless he would be finding himself out.","{'document_tone': {'tones': [{'score': 0.848028, 'tone_id': 'analytical', 'tone_name': 'Analytical'}, {'score': 0.781906, 'tone_id': 'confident', 'tone_name': 'Confident'}]}, 'sentences_tone': [{'sentence_id': 0, 'text': 'Very cowardly act and shocking news after getting famous one do not need to come to this decision.', 'tones': [{'score': 0.529136, 'tone_id': 'anger', 'tone_name': 'Anger'}, {'score': 0.660207, 'tone_id': 'confident', 'tone_name': 'Confident'}]}, {'sentence_id': 1, 'text': 'It is an irony that people have started thinking that success is going to be the only yardstick to live on this planet, then we have to think and sympathize with people like Rahul Gandhi how difficult and helpless he would be finding himself out.', 'tones': [{'score': 0.731735, 'tone_id': 'analytical', 'tone_name': 'Analytical'}]}]}"
86,303,Raji Muthukrishnan  mam it's easy to say this but one is in such a time that it's gets diffucuilt to come out of it . ,"{'document_tone': {'tones': [{'score': 0.523822, 'tone_id': 'analytical', 'tone_name': 'Analytical'}]}}"
87,304,Shocking news -- om shanti,{'document_tone': {'tones': []}}
88,305,üò•üò•,"{'document_tone': {'tones': [{'score': 0.768845, 'tone_id': 'sadness', 'tone_name': 'Sadness'}]}}"
89,306,Rip,{'document_tone': {'tones': []}}
90,307,RIP,{'document_tone': {'tones': []}}
91,308,Could this be another suicide due to severe depression exasperated by the lockdown . RIPü§îüò¢ ,"{'document_tone': {'tones': [{'score': 0.963836, 'tone_id': 'sadness', 'tone_name': 'Sadness'}, {'score': 0.89196, 'tone_id': 'analytical', 'tone_name': 'Analytical'}, {'score': 0.959646, 'tone_id': 'tentative', 'tone_name': 'Tentative'}]}, 'sentences_tone': [{'sentence_id': 0, 'text': 'Could this be another suicide due to severe depression exasperated by the lockdown .', 'tones': [{'score': 0.907898, 'tone_id': 'sadness', 'tone_name': 'Sadness'}, {'score': 0.762356, 'tone_id': 'analytical', 'tone_name': 'Analytical'}, {'score': 0.75152, 'tone_id': 'tentative', 'tone_name': 'Tentative'}]}, {'sentence_id': 1, 'text': 'RIPü§îüò¢', 'tones': [{'score': 0.923452, 'tone_id': 'sadness', 'tone_name': 'Sadness'}]}]}"
92,309,I just can't believe,"{'document_tone': {'tones': [{'score': 0.998976, 'tone_id': 'tentative', 'tone_name': 'Tentative'}]}}"
93,310,??,{'document_tone': {'tones': []}}
94,311,Have a safe journey to Hell... HIP,{'document_tone': {'tones': []}}
95,312,"So sad, Rest in peace.","{'document_tone': {'tones': [{'score': 0.920932, 'tone_id': 'sadness', 'tone_name': 'Sadness'}]}}"
96,313,Chang K Kipging no more income,{'document_tone': {'tones': []}}
97,314,His ex manager suicide is dastak  of his suicide which was not heard by any one,"{'document_tone': {'tones': [{'score': 0.839441, 'tone_id': 'sadness', 'tone_name': 'Sadness'}, {'score': 0.615352, 'tone_id': 'tentative', 'tone_name': 'Tentative'}]}}"
98,315,Why üò¢üò¢,"{'document_tone': {'tones': [{'score': 0.873109, 'tone_id': 'sadness', 'tone_name': 'Sadness'}]}}"
99,316,Rip....Hard to believe,"{'document_tone': {'tones': [{'score': 0.860269, 'tone_id': 'sadness', 'tone_name': 'Sadness'}, {'score': 0.984352, 'tone_id': 'tentative', 'tone_name': 'Tentative'}]}}"
100,319,"He cud have taken help from the movie association,if any personal,mental or financial problem.suicide is no solution.","{'document_tone': {'tones': [{'score': 0.580679, 'tone_id': 'sadness', 'tone_name': 'Sadness'}, {'score': 0.822231, 'tone_id': 'tentative', 'tone_name': 'Tentative'}, {'score': 0.8152, 'tone_id': 'analytical', 'tone_name': 'Analytical'}]}}"
101,320,One of my beloved actor why !!!üò≠üò≠üò≠,"{'document_tone': {'tones': [{'score': 0.833906, 'tone_id': 'sadness', 'tone_name': 'Sadness'}]}}"
102,321,Siddharth Awaghade yes exactly no income and no film and no money to live in luxury lifestyle..,"{'document_tone': {'tones': [{'score': 0.636225, 'tone_id': 'joy', 'tone_name': 'Joy'}]}}"
103,322,Very big question is Whhhhhyyyyy??????,"{'document_tone': {'tones': [{'score': 0.970179, 'tone_id': 'analytical', 'tone_name': 'Analytical'}, {'score': 0.961633, 'tone_id': 'confident', 'tone_name': 'Confident'}]}}"
104,323,Very shocking...may his soul rest in peace,"{'document_tone': {'tones': [{'score': 0.67771, 'tone_id': 'sadness', 'tone_name': 'Sadness'}]}}"
105,324,Omg so sad may his soul rest in peace,"{'document_tone': {'tones': [{'score': 0.842631, 'tone_id': 'sadness', 'tone_name': 'Sadness'}, {'score': 0.856622, 'tone_id': 'tentative', 'tone_name': 'Tentative'}]}}"
106,325,Onam Mukherjee Mitra Yes this true because of no income and no Film and a luxurious lifestyle..,"{'document_tone': {'tones': [{'score': 0.738426, 'tone_id': 'joy', 'tone_name': 'Joy'}, {'score': 0.868982, 'tone_id': 'analytical', 'tone_name': 'Analytical'}]}}"
107,326,Ripüôèüíê,{'document_tone': {'tones': []}}
108,327,Why???,{'document_tone': {'tones': []}}
109,328,Mohammed Ali Khan teri puncture shop open hai ya nahi? ,{'document_tone': {'tones': []}}
110,329,Rip ,{'document_tone': {'tones': []}}
111,330,⁄©ÿßŸÅÿ± ÿßŸæŸÜ€í €Åÿßÿ™⁄æŸà⁄∫ ÿ≥€í ŸÖŸàÿ™ ⁄©€í ⁄Ø⁄æÿßŸπ ÿßÿ™ÿ± ⁄Ø€åÿß- ÿßŸÑÿßŸÖÿßŸÜ ÿßŸÑÿßŸÖÿßŸÜ ÿßŸÑÿßŸÖÿßŸÜ,{'document_tone': {'tones': []}}
112,331,"Mohammed Ali Khan ya isme bhi modi ka haath hain vaise hi jaise tere paida hone main, baap banne main aur mamu banne main. ",{'document_tone': {'tones': []}}
113,332,Watched his last movie Chichore in which his Son try to commit suicide but he motivates him to live his life beautifully..  Unbelievable,"{'document_tone': {'tones': [{'score': 0.701827, 'tone_id': 'sadness', 'tone_name': 'Sadness'}]}}"
114,333,So sad üò≠,"{'document_tone': {'tones': [{'score': 0.948719, 'tone_id': 'sadness', 'tone_name': 'Sadness'}]}}"
115,334,‡§ú‡§ó‡§æ‡§µ ‡§ï‡•Ä ‡§Æ‡§∞‡§æ‡§µ ‡§π‡§æ ‡§è‡§ï‡§ö ‡§∏‡§µ‡§æ‡§≤ ‡§Ü‡§π‡•á. ‡§π‡•ç‡§Ø‡§æ ‡§¶‡•Å‡§®‡§ø‡§Ø‡•á‡§ö‡•ç‡§Ø‡§æ ‡§ä‡§ï‡§ø‡§∞‡§°‡•ç‡§Ø‡§æ‡§µ‡§∞ ‡§ñ‡§∞‡§ï‡§ü‡•ç‡§Ø‡§æ ‡§™‡§§‡•ç‡§∞‡§æ‡§µ‡§≥‡•Ä‡§ö‡§æ ‡§§‡•Å‡§ï‡§°‡§æ ‡§π‡•ã‡§ä‡§® ‡§ú‡§ó‡§æ‡§µ ‡§¨‡•á‡§∂‡§∞‡§Æ ‡§≤‡§æ‡§ö‡§æ‡§∞ ‡§Ü‡§®‡§Ç‡§¶‡§æ‡§® ? ‡§ï‡§æ ‡§´‡•á‡§ï‡•Å‡§® ‡§¶‡•ç‡§Ø‡§æ‡§µ ‡§¶‡•á‡§π‡§æ‡§ö ‡§≤‡§ñ‡§§‡§∞ ‡§Æ‡•É‡§§‡•ç‡§Ø‡•Ç‡§ö‡•ç‡§Ø‡§æ ‡§ï‡§æ‡§≥‡§æ‡§∂‡§æ‡§∞ ‡§°‡•ã‡§π‡§æ‡§Æ‡§ß‡•ç‡§Ø‡•á? ‡§Ü‡§£‡§ø ‡§ï‡§∞‡§æ‡§µ‡§æ ‡§∂‡•á‡§µ‡§ü ‡§∏‡§∞‡•ç‡§µ‡§æ‡§Ç‡§ö‡§æ ‡§è‡§ï‡§æ‡§ö ‡§™‡•ç‡§∞‡§π‡§æ‡§∞‡§æ‡§®‡•á? ‡§Æ‡§æ‡§ù‡§æ ‡§§‡•Å‡§ù‡§æ ‡§π‡•ç‡§Ø‡§æ‡§ö‡§æ ‡§Ö‡§® ‡§§‡•ç‡§Ø‡§æ‡§ö‡§æ‡§π‡•Ä.,"{'document_tone': {'tones': []}, 'sentences_tone': [{'sentence_id': 0, 'text': '‡§ú‡§ó‡§æ‡§µ ‡§ï‡•Ä ‡§Æ‡§∞‡§æ‡§µ ‡§π‡§æ ‡§è‡§ï‡§ö ‡§∏‡§µ‡§æ‡§≤ ‡§Ü‡§π‡•á.', 'tones': []}, {'sentence_id': 1, 'text': '‡§π‡•ç‡§Ø‡§æ ‡§¶‡•Å‡§®‡§ø‡§Ø‡•á‡§ö‡•ç‡§Ø‡§æ ‡§ä‡§ï‡§ø‡§∞‡§°‡•ç‡§Ø‡§æ‡§µ‡§∞ ‡§ñ‡§∞‡§ï‡§ü‡•ç‡§Ø‡§æ ‡§™‡§§‡•ç‡§∞‡§æ‡§µ‡§≥‡•Ä‡§ö‡§æ ‡§§‡•Å‡§ï‡§°‡§æ ‡§π‡•ã‡§ä‡§® ‡§ú‡§ó‡§æ‡§µ ‡§¨‡•á‡§∂‡§∞‡§Æ ‡§≤‡§æ‡§ö‡§æ‡§∞ ‡§Ü‡§®‡§Ç‡§¶‡§æ‡§® ?', 'tones': []}, {'sentence_id': 2, 'text': '‡§ï‡§æ ‡§´‡•á‡§ï‡•Å‡§® ‡§¶‡•ç‡§Ø‡§æ‡§µ ‡§¶‡•á‡§π‡§æ‡§ö ‡§≤‡§ñ‡§§‡§∞ ‡§Æ‡•É‡§§‡•ç‡§Ø‡•Ç‡§ö‡•ç‡§Ø‡§æ ‡§ï‡§æ‡§≥‡§æ‡§∂‡§æ‡§∞ ‡§°‡•ã‡§π‡§æ‡§Æ‡§ß‡•ç‡§Ø‡•á?', 'tones': []}, {'sentence_id': 3, 'text': '‡§Ü‡§£‡§ø ‡§ï‡§∞‡§æ‡§µ‡§æ ‡§∂‡•á‡§µ‡§ü ‡§∏‡§∞‡•ç‡§µ‡§æ‡§Ç‡§ö‡§æ ‡§è‡§ï‡§æ‡§ö ‡§™‡•ç‡§∞‡§π‡§æ‡§∞‡§æ‡§®‡•á?', 'tones': []}, {'sentence_id': 4, 'text': '‡§Æ‡§æ‡§ù‡§æ ‡§§‡•Å‡§ù‡§æ ‡§π‡•ç‡§Ø‡§æ‡§ö‡§æ ‡§Ö‡§® ‡§§‡•ç‡§Ø‡§æ‡§ö‡§æ‡§π‡•Ä.', 'tones': []}]}"
116,335,How could this news be true. Why? Can't understand,"{'document_tone': {'tones': [{'score': 0.920133, 'tone_id': 'tentative', 'tone_name': 'Tentative'}, {'score': 0.883404, 'tone_id': 'analytical', 'tone_name': 'Analytical'}]}, 'sentences_tone': [{'sentence_id': 0, 'text': 'How could this news be true.', 'tones': [{'score': 0.75152, 'tone_id': 'tentative', 'tone_name': 'Tentative'}]}, {'sentence_id': 1, 'text': ""Why? Can't understand"", 'tones': [{'score': 0.955445, 'tone_id': 'analytical', 'tone_name': 'Analytical'}]}]}"
117,336,He was suffering from depression one has to be in his shoes noone should judge him it's very sad RIP,"{'document_tone': {'tones': [{'score': 0.966684, 'tone_id': 'sadness', 'tone_name': 'Sadness'}, {'score': 0.828581, 'tone_id': 'confident', 'tone_name': 'Confident'}]}}"
118,337,RIP .. hard to believe ,"{'document_tone': {'tones': [{'score': 0.86195, 'tone_id': 'sadness', 'tone_name': 'Sadness'}, {'score': 0.984352, 'tone_id': 'tentative', 'tone_name': 'Tentative'}]}}"
119,338,Very sad,"{'document_tone': {'tones': [{'score': 1.0, 'tone_id': 'sadness', 'tone_name': 'Sadness'}, {'score': 0.996934, 'tone_id': 'confident', 'tone_name': 'Confident'}]}}"
120,339,So sad & unfortunate Real face of glamour WORLD........,"{'document_tone': {'tones': [{'score': 0.704642, 'tone_id': 'confident', 'tone_name': 'Confident'}]}}"
121,340,"Om.Ashanti,Shanti,Shanti üôèOM SAI RAM ","{'document_tone': {'tones': [{'score': 0.51685, 'tone_id': 'joy', 'tone_name': 'Joy'}]}}"
122,341,It is so shocking....... RIP üòî,"{'document_tone': {'tones': [{'score': 0.881111, 'tone_id': 'sadness', 'tone_name': 'Sadness'}]}}"
123,342,"I know sometimes the pressure is so much one is not able to handle the situation.  But feel very sad. He was educated, could have done anything. Just pray for the soul.","{'document_tone': {'tones': [{'score': 0.86405, 'tone_id': 'sadness', 'tone_name': 'Sadness'}, {'score': 0.982785, 'tone_id': 'tentative', 'tone_name': 'Tentative'}]}, 'sentences_tone': [{'sentence_id': 0, 'text': 'I know sometimes the pressure is so much one is not able to handle the situation.', 'tones': [{'score': 0.580079, 'tone_id': 'sadness', 'tone_name': 'Sadness'}, {'score': 0.615352, 'tone_id': 'tentative', 'tone_name': 'Tentative'}]}, {'sentence_id': 1, 'text': 'But feel very sad.', 'tones': [{'score': 1.0, 'tone_id': 'sadness', 'tone_name': 'Sadness'}, {'score': 0.898327, 'tone_id': 'confident', 'tone_name': 'Confident'}]}, {'sentence_id': 2, 'text': 'He was educated, could have done anything.', 'tones': [{'score': 0.990161, 'tone_id': 'tentative', 'tone_name': 'Tentative'}]}, {'sentence_id': 3, 'text': 'Just pray for the soul.', 'tones': [{'score': 0.555567, 'tone_id': 'sadness', 'tone_name': 'Sadness'}, {'score': 0.968123, 'tone_id': 'tentative', 'tone_name': 'Tentative'}]}]}"
124,343,"How can police conclude that it is suicide so early in the investigation? His ex secretary took her own life few days ago, something is fishy  or it might just be depression. One should be in his shoes to understand. RIP to a good actor with full of potential and career .What a nasty year this turning out to be.","{'document_tone': {'tones': [{'score': 0.817875, 'tone_id': 'sadness', 'tone_name': 'Sadness'}, {'score': 0.672371, 'tone_id': 'analytical', 'tone_name': 'Analytical'}, {'score': 0.946779, 'tone_id': 'tentative', 'tone_name': 'Tentative'}]}, 'sentences_tone': [{'sentence_id': 0, 'text': 'How can police conclude that it is suicide so early in the investigation?', 'tones': [{'score': 0.544691, 'tone_id': 'sadness', 'tone_name': 'Sadness'}, {'score': 0.589295, 'tone_id': 'analytical', 'tone_name': 'Analytical'}]}, {'sentence_id': 1, 'text': 'His ex secretary took her own life few days ago, something is fishy  or it might just be depression.', 'tones': [{'score': 0.884863, 'tone_id': 'sadness', 'tone_name': 'Sadness'}, {'score': 0.972742, 'tone_id': 'tentative', 'tone_name': 'Tentative'}]}, {'sentence_id': 2, 'text': 'One should be in his shoes to understand.', 'tones': [{'score': 0.762356, 'tone_id': 'analytical', 'tone_name': 'Analytical'}]}, {'sentence_id': 3, 'text': 'RIP to a good actor with full of potential and career .What a nasty year this turning out to be.', 'tones': [{'score': 0.644764, 'tone_id': 'sadness', 'tone_name': 'Sadness'}, {'score': 0.599421, 'tone_id': 'analytical', 'tone_name': 'Analytical'}]}]}"
125,346,i feel it was murder,"{'document_tone': {'tones': [{'score': 0.931034, 'tone_id': 'fear', 'tone_name': 'Fear'}, {'score': 0.916667, 'tone_id': 'sadness', 'tone_name': 'Sadness'}, {'score': 0.931034, 'tone_id': 'anger', 'tone_name': 'Anger'}, {'score': 0.822231, 'tone_id': 'tentative', 'tone_name': 'Tentative'}]}}"
126,347,"Strange to believe, infact we was the part of movie Chhihhore, which was based on similar topic to avoid suicide.","{'document_tone': {'tones': [{'score': 0.743899, 'tone_id': 'sadness', 'tone_name': 'Sadness'}, {'score': 0.616426, 'tone_id': 'analytical', 'tone_name': 'Analytical'}]}}"
127,348,Nidhi Kamath yes you are rite even I am also thinking why did he took this kind of step. He was so successful . Something is related to his manager demise.,"{'document_tone': {'tones': [{'score': 0.978371, 'tone_id': 'tentative', 'tone_name': 'Tentative'}, {'score': 0.51064, 'tone_id': 'analytical', 'tone_name': 'Analytical'}]}, 'sentences_tone': [{'sentence_id': 0, 'text': 'Nidhi Kamath yes you are rite even I am also thinking why did he took this kind of step.', 'tones': [{'score': 0.839577, 'tone_id': 'tentative', 'tone_name': 'Tentative'}, {'score': 0.527318, 'tone_id': 'analytical', 'tone_name': 'Analytical'}]}, {'sentence_id': 1, 'text': 'He was so successful .', 'tones': [{'score': 0.880435, 'tone_id': 'joy', 'tone_name': 'Joy'}]}, {'sentence_id': 2, 'text': 'Something is related to his manager demise.', 'tones': [{'score': 0.91961, 'tone_id': 'tentative', 'tone_name': 'Tentative'}, {'score': 0.801827, 'tone_id': 'analytical', 'tone_name': 'Analytical'}]}]}"
128,349,Very very sad.,"{'document_tone': {'tones': [{'score': 1.0, 'tone_id': 'sadness', 'tone_name': 'Sadness'}, {'score': 0.998838, 'tone_id': 'confident', 'tone_name': 'Confident'}]}}"
129,350,Absolutely shocking. Police should investigate his death.,"{'document_tone': {'tones': [{'score': 0.747663, 'tone_id': 'analytical', 'tone_name': 'Analytical'}, {'score': 0.995895, 'tone_id': 'confident', 'tone_name': 'Confident'}]}, 'sentences_tone': [{'sentence_id': 0, 'text': 'Absolutely shocking.', 'tones': [{'score': 0.920855, 'tone_id': 'analytical', 'tone_name': 'Analytical'}, {'score': 0.999238, 'tone_id': 'confident', 'tone_name': 'Confident'}]}, {'sentence_id': 1, 'text': 'Police should investigate his death.', 'tones': [{'score': 0.6027, 'tone_id': 'fear', 'tone_name': 'Fear'}]}]}"
130,351,Murder ,"{'document_tone': {'tones': [{'score': 0.931034, 'tone_id': 'anger', 'tone_name': 'Anger'}, {'score': 0.931034, 'tone_id': 'fear', 'tone_name': 'Fear'}, {'score': 0.916667, 'tone_id': 'sadness', 'tone_name': 'Sadness'}]}}"
131,352,RIP,{'document_tone': {'tones': []}}
132,353,"Oh my God can't believe it, it's a lie after being a famous actor he can't just kill himself there's a hidden mystery behind this, maybe he was killed I just can't believe he died","{'document_tone': {'tones': [{'score': 0.634195, 'tone_id': 'sadness', 'tone_name': 'Sadness'}, {'score': 0.937032, 'tone_id': 'tentative', 'tone_name': 'Tentative'}]}}"
133,354,God knows wat happened.depression or wat.but guys plz be safe be strong .,"{'document_tone': {'tones': [{'score': 0.726889, 'tone_id': 'sadness', 'tone_name': 'Sadness'}, {'score': 0.952443, 'tone_id': 'tentative', 'tone_name': 'Tentative'}]}, 'sentences_tone': [{'sentence_id': 0, 'text': 'God knows wat happened.depression', 'tones': [{'score': 0.89889, 'tone_id': 'sadness', 'tone_name': 'Sadness'}, {'score': 0.882284, 'tone_id': 'analytical', 'tone_name': 'Analytical'}]}, {'sentence_id': 1, 'text': 'or wat.but guys plz be safe be strong .', 'tones': [{'score': 0.506836, 'tone_id': 'joy', 'tone_name': 'Joy'}, {'score': 0.856622, 'tone_id': 'tentative', 'tone_name': 'Tentative'}]}]}"
134,355,"Easy to portray MS Dhoni on screen but not easy to be a fighter like him, be a fighter not a quitter OM SHANTI",{'document_tone': {'tones': []}}
135,356,Chang K Kipging under investigation ,{'document_tone': {'tones': []}}
136,357,Hye mera dhoniüòòüòû,"{'document_tone': {'tones': [{'score': 0.833556, 'tone_id': 'sadness', 'tone_name': 'Sadness'}]}}"
137,358,Sad news,"{'document_tone': {'tones': [{'score': 0.921308, 'tone_id': 'sadness', 'tone_name': 'Sadness'}]}}"
138,359,"Pynshailang Lynser Money isn't the reason.He already had lot of money.These celebrities always has to go through problems such as Media,affairs,people trolling them on social media.Anything can be the reason for suicide but money isn't.","{'document_tone': {'tones': [{'score': 0.548183, 'tone_id': 'sadness', 'tone_name': 'Sadness'}, {'score': 0.884926, 'tone_id': 'analytical', 'tone_name': 'Analytical'}]}}"
139,360,Please... A young man died Pls don't make comments,"{'document_tone': {'tones': [{'score': 0.791962, 'tone_id': 'sadness', 'tone_name': 'Sadness'}]}, 'sentences_tone': [{'sentence_id': 0, 'text': 'Please...', 'tones': [{'score': 0.880435, 'tone_id': 'joy', 'tone_name': 'Joy'}]}, {'sentence_id': 1, 'text': ""A young man died Pls don't make comments"", 'tones': [{'score': 0.811711, 'tone_id': 'sadness', 'tone_name': 'Sadness'}]}]}"
140,361,"Nisshant Ngpl Please don't get into conjecture. That is the most insulting thing to do. Those whose job it is to investigate will do so. Outer success, luxury and comfort doesn't have much to do with inner joy and peace.","{'document_tone': {'tones': [{'score': 0.937979, 'tone_id': 'joy', 'tone_name': 'Joy'}]}, 'sentences_tone': [{'sentence_id': 0, 'text': ""Nisshant Ngpl Please don't get into conjecture."", 'tones': []}, {'sentence_id': 1, 'text': 'That is the most insulting thing to do.', 'tones': [{'score': 0.615352, 'tone_id': 'tentative', 'tone_name': 'Tentative'}]}, {'sentence_id': 2, 'text': 'Those whose job it is to investigate will do so.', 'tones': []}, {'sentence_id': 3, 'text': ""Outer success, luxury and comfort doesn't have much to do with inner joy and peace."", 'tones': [{'score': 0.972187, 'tone_id': 'joy', 'tone_name': 'Joy'}]}]}"
141,362,"Mohammed Ali Khan No, this one's not at all related to Lock down. He was very successful, he could have survived lock down till his death even if he doesn't work.","{'document_tone': {'tones': [{'score': 0.795855, 'tone_id': 'sadness', 'tone_name': 'Sadness'}, {'score': 0.802429, 'tone_id': 'analytical', 'tone_name': 'Analytical'}, {'score': 0.674405, 'tone_id': 'tentative', 'tone_name': 'Tentative'}]}, 'sentences_tone': [{'sentence_id': 0, 'text': ""Mohammed Ali Khan No, this one's not at all related to Lock down."", 'tones': [{'score': 0.589295, 'tone_id': 'analytical', 'tone_name': 'Analytical'}, {'score': 0.513787, 'tone_id': 'tentative', 'tone_name': 'Tentative'}]}, {'sentence_id': 1, 'text': ""He was very successful, he could have survived lock down till his death even if he doesn't work."", 'tones': [{'score': 0.739262, 'tone_id': 'sadness', 'tone_name': 'Sadness'}, {'score': 0.641954, 'tone_id': 'analytical', 'tone_name': 'Analytical'}]}]}"
142,363,Ritwik Dasgupta Shameful comment. Try typing 'Om Shanti' without insulting the person who just died,"{'document_tone': {'tones': [{'score': 0.978371, 'tone_id': 'tentative', 'tone_name': 'Tentative'}]}, 'sentences_tone': [{'sentence_id': 0, 'text': 'Ritwik Dasgupta Shameful comment.', 'tones': []}, {'sentence_id': 1, 'text': ""Try typing 'Om Shanti' without insulting the person who just died"", 'tones': [{'score': 0.756803, 'tone_id': 'sadness', 'tone_name': 'Sadness'}, {'score': 0.909883, 'tone_id': 'tentative', 'tone_name': 'Tentative'}]}]}"
143,364,Unbelievable üò≠üò≠üò≠,"{'document_tone': {'tones': [{'score': 0.879016, 'tone_id': 'sadness', 'tone_name': 'Sadness'}]}}"
144,365,Very  sad news.unable to bear the demise,"{'document_tone': {'tones': [{'score': 0.938409, 'tone_id': 'sadness', 'tone_name': 'Sadness'}, {'score': 0.898327, 'tone_id': 'confident', 'tone_name': 'Confident'}]}}"
145,366,Jithin Raj agreed.,"{'document_tone': {'tones': [{'score': 0.603667, 'tone_id': 'joy', 'tone_name': 'Joy'}]}}"
146,367,Cd there  be an angle to the celebrity lady  manager's   demise a few days back...loss of finance and  or work .. cd'nt have been the reasons.he was well off....and  had seen hard times  in his earlier days.and gone through with them...... emotional termoil.... Probably.,"{'document_tone': {'tones': [{'score': 0.846191, 'tone_id': 'sadness', 'tone_name': 'Sadness'}, {'score': 0.870105, 'tone_id': 'tentative', 'tone_name': 'Tentative'}]}, 'sentences_tone': [{'sentence_id': 0, 'text': ""Cd there  be an angle to the celebrity lady  manager's   demise a few days back...loss of finance and  or work .. cd'nt have been the reasons.he"", 'tones': [{'score': 0.68343, 'tone_id': 'sadness', 'tone_name': 'Sadness'}]}, {'sentence_id': 1, 'text': 'was well off....and  had seen hard times  in his earlier days.and', 'tones': [{'score': 0.55183, 'tone_id': 'sadness', 'tone_name': 'Sadness'}]}, {'sentence_id': 2, 'text': 'gone through with them...... emotional termoil.... Probably.', 'tones': [{'score': 0.72653, 'tone_id': 'sadness', 'tone_name': 'Sadness'}, {'score': 0.91961, 'tone_id': 'tentative', 'tone_name': 'Tentative'}]}]}"
147,368,Dark side of glamour industryüôèüò†,{'document_tone': {'tones': []}}
148,369,RIP,{'document_tone': {'tones': []}}
149,370,RIP,{'document_tone': {'tones': []}}
150,373,Not even a week ago his former manager commits sucide...now he commits sucide...somethings fishy...,"{'document_tone': {'tones': [{'score': 0.574807, 'tone_id': 'sadness', 'tone_name': 'Sadness'}, {'score': 0.615352, 'tone_id': 'tentative', 'tone_name': 'Tentative'}]}}"
151,374,God gave him this precious human life with all comforts but he returned it in an ugly manner as he has no knowledge about life and its purpose. A sad story of a coward.,"{'document_tone': {'tones': [{'score': 0.565493, 'tone_id': 'sadness', 'tone_name': 'Sadness'}, {'score': 0.668742, 'tone_id': 'analytical', 'tone_name': 'Analytical'}, {'score': 0.701849, 'tone_id': 'confident', 'tone_name': 'Confident'}]}, 'sentences_tone': [{'sentence_id': 0, 'text': 'God gave him this precious human life with all comforts but he returned it in an ugly manner as he has no knowledge about life and its purpose.', 'tones': [{'score': 0.651777, 'tone_id': 'joy', 'tone_name': 'Joy'}, {'score': 0.560098, 'tone_id': 'analytical', 'tone_name': 'Analytical'}]}, {'sentence_id': 1, 'text': 'A sad story of a coward.', 'tones': [{'score': 0.87891, 'tone_id': 'sadness', 'tone_name': 'Sadness'}]}]}"
152,375,Sankalp Moneesh or a murder...,"{'document_tone': {'tones': [{'score': 0.968123, 'tone_id': 'tentative', 'tone_name': 'Tentative'}]}}"
153,376,"Black side of cinema,,, depression So sad","{'document_tone': {'tones': [{'score': 0.960909, 'tone_id': 'sadness', 'tone_name': 'Sadness'}]}}"
154,377,Stupidity knows no bounds,"{'document_tone': {'tones': [{'score': 0.510001, 'tone_id': 'anger', 'tone_name': 'Anger'}, {'score': 0.982476, 'tone_id': 'analytical', 'tone_name': 'Analytical'}]}}"
155,378,mumbai there is so much population ..and building life is so dangerous .......no body is there to take care of u......,{'document_tone': {'tones': []}}
156,379,can be......,{'document_tone': {'tones': []}}
157,380,Manish Gupta seriously........tumlog zara v nai hichakte kuch kehne se pehle......wat has come into people like you.......no humanity left at all,"{'document_tone': {'tones': [{'score': 0.543112, 'tone_id': 'confident', 'tone_name': 'Confident'}]}}"
158,381,"Priyesh Pandey I was only speculating but what is even more fascinating is that his manager had committed suicide 3 days ago. Is it a coincidence or is there something sinister involved. Time will tell, maybe.","{'document_tone': {'tones': [{'score': 0.805269, 'tone_id': 'sadness', 'tone_name': 'Sadness'}, {'score': 0.978371, 'tone_id': 'tentative', 'tone_name': 'Tentative'}, {'score': 0.656156, 'tone_id': 'analytical', 'tone_name': 'Analytical'}]}, 'sentences_tone': [{'sentence_id': 0, 'text': 'Priyesh Pandey I was only speculating but what is even more fascinating is that his manager had committed suicide 3 days ago.', 'tones': [{'score': 0.898452, 'tone_id': 'sadness', 'tone_name': 'Sadness'}, {'score': 0.670204, 'tone_id': 'analytical', 'tone_name': 'Analytical'}]}, {'sentence_id': 1, 'text': 'Is it a coincidence or is there something sinister involved.', 'tones': [{'score': 0.968123, 'tone_id': 'tentative', 'tone_name': 'Tentative'}]}, {'sentence_id': 2, 'text': 'Time will tell, maybe.', 'tones': [{'score': 0.984352, 'tone_id': 'tentative', 'tone_name': 'Tentative'}]}]}"
159,382,Ritwik Dasgupta get some positivity in life.......d man just died n here u r.....trying to b a professor,"{'document_tone': {'tones': [{'score': 0.600129, 'tone_id': 'joy', 'tone_name': 'Joy'}, {'score': 0.704683, 'tone_id': 'tentative', 'tone_name': 'Tentative'}]}}"
160,383,"Mohammed Ali Khan Yep, that's what I want to say. Let's wait for more details instead of baseless speculations.","{'document_tone': {'tones': [{'score': 0.911392, 'tone_id': 'tentative', 'tone_name': 'Tentative'}]}, 'sentences_tone': [{'sentence_id': 0, 'text': ""Mohammed Ali Khan Yep, that's what I want to say."", 'tones': []}, {'sentence_id': 1, 'text': ""Let's wait for more details instead of baseless speculations."", 'tones': [{'score': 0.564476, 'tone_id': 'analytical', 'tone_name': 'Analytical'}, {'score': 0.856622, 'tone_id': 'tentative', 'tone_name': 'Tentative'}]}]}"
161,384,Arpita Banerjee  Bangali didi- go find attention somewhere else ,"{'document_tone': {'tones': [{'score': 0.5538, 'tone_id': 'tentative', 'tone_name': 'Tentative'}, {'score': 0.93534, 'tone_id': 'analytical', 'tone_name': 'Analytical'}]}}"
162,385,RIP ..... Big loss for us...üôè,"{'document_tone': {'tones': [{'score': 0.891763, 'tone_id': 'sadness', 'tone_name': 'Sadness'}]}}"
163,386,"Sridhar Dharmapadam we can't call it a cowardly act............nobody knows wat a person is going through.....cud hav been depression.....cud hav been anything.......not justifying his act, but we really cannot understand it unless we were in his shoes","{'document_tone': {'tones': [{'score': 0.67629, 'tone_id': 'sadness', 'tone_name': 'Sadness'}, {'score': 0.783746, 'tone_id': 'analytical', 'tone_name': 'Analytical'}]}}"
164,387,"Arpita Sandilya agreed , although I am not insulting him but I am in state of shock that such kind of superb talent & self made actor took this kind of step. He was an inspiration for so many & Believe me suicide is no option , If you are in depression you should talk , if somebody is in state of misery or going through some conflict with his own mind he/she should not seclude themselves rather come out & talk. But in his case I believe it's never related to the career cause he was successful enough & still ambitious ,stronghead nature loving Human being.","{'document_tone': {'tones': [{'score': 0.75103, 'tone_id': 'sadness', 'tone_name': 'Sadness'}, {'score': 0.961733, 'tone_id': 'tentative', 'tone_name': 'Tentative'}, {'score': 0.772969, 'tone_id': 'analytical', 'tone_name': 'Analytical'}]}, 'sentences_tone': [{'sentence_id': 0, 'text': 'Arpita Sandilya agreed , although I am not insulting him but I am in state of shock that such kind of superb talent & self made actor took this kind of step.', 'tones': [{'score': 0.647986, 'tone_id': 'tentative', 'tone_name': 'Tentative'}, {'score': 0.532616, 'tone_id': 'analytical', 'tone_name': 'Analytical'}]}, {'sentence_id': 1, 'text': 'He was an inspiration for so many & Believe me suicide is no option , If you are in depression you should talk , if somebody is in state of misery or going through some conflict with his own mind he/she should not seclude themselves rather come out & talk.', 'tones': [{'score': 0.956448, 'tone_id': 'sadness', 'tone_name': 'Sadness'}, {'score': 0.877717, 'tone_id': 'tentative', 'tone_name': 'Tentative'}, {'score': 0.523822, 'tone_id': 'analytical', 'tone_name': 'Analytical'}]}, {'sentence_id': 2, 'text': ""But in his case I believe it's never related to the career cause he was successful enough & still ambitious ,stronghead nature loving Human being."", 'tones': [{'score': 0.823031, 'tone_id': 'joy', 'tone_name': 'Joy'}, {'score': 0.722126, 'tone_id': 'analytical', 'tone_name': 'Analytical'}]}]}"
165,388,OMG ,{'document_tone': {'tones': []}}
166,389,"An autopsy report should be demanded independently. He‚Äôs too rich and young to do such act, no one can just believed this without projecting a conspiracy theory against the suicide. There most be a person or conflict of interest, that surrounds him. ","{'document_tone': {'tones': [{'score': 0.981844, 'tone_id': 'tentative', 'tone_name': 'Tentative'}]}, 'sentences_tone': [{'sentence_id': 0, 'text': 'An autopsy report should be demanded independently.', 'tones': [{'score': 0.801827, 'tone_id': 'analytical', 'tone_name': 'Analytical'}, {'score': 0.751512, 'tone_id': 'confident', 'tone_name': 'Confident'}]}, {'sentence_id': 1, 'text': 'He‚Äôs too rich and young to do such act, no one can just believed this without projecting a conspiracy theory against the suicide.', 'tones': [{'score': 0.575817, 'tone_id': 'joy', 'tone_name': 'Joy'}, {'score': 0.849846, 'tone_id': 'tentative', 'tone_name': 'Tentative'}]}, {'sentence_id': 2, 'text': 'There most be a person or conflict of interest, that surrounds him.', 'tones': [{'score': 0.971848, 'tone_id': 'tentative', 'tone_name': 'Tentative'}]}]}"
167,390,"Very  shocking, hard to believe, RIPüôè","{'document_tone': {'tones': [{'score': 0.685306, 'tone_id': 'sadness', 'tone_name': 'Sadness'}]}}"
168,391,Why? He may be murdered,"{'document_tone': {'tones': [{'score': 0.99699, 'tone_id': 'tentative', 'tone_name': 'Tentative'}]}, 'sentences_tone': [{'sentence_id': 0, 'text': 'Why?', 'tones': []}, {'sentence_id': 1, 'text': 'He may be murdered', 'tones': [{'score': 0.984352, 'tone_id': 'tentative', 'tone_name': 'Tentative'}]}]}"
169,392,"shocked and speechless.. A brilliant actor SushantSinghRajput.. You showed how to face problems in Chichore, Couldn't imagine the pain you have gone through ...may God give strength to his family üò¢üôèüèª","{'document_tone': {'tones': [{'score': 0.647866, 'tone_id': 'sadness', 'tone_name': 'Sadness'}, {'score': 0.808202, 'tone_id': 'tentative', 'tone_name': 'Tentative'}, {'score': 0.720783, 'tone_id': 'analytical', 'tone_name': 'Analytical'}]}, 'sentences_tone': [{'sentence_id': 0, 'text': 'shocked and speechless..', 'tones': []}, {'sentence_id': 1, 'text': 'A brilliant actor SushantSinghRajput..', 'tones': [{'score': 0.793595, 'tone_id': 'joy', 'tone_name': 'Joy'}]}, {'sentence_id': 2, 'text': ""You showed how to face problems in Chichore, Couldn't imagine the pain you have gone through ...may God give strength to his family üò¢üôèüèª"", 'tones': [{'score': 0.727885, 'tone_id': 'sadness', 'tone_name': 'Sadness'}, {'score': 0.636458, 'tone_id': 'analytical', 'tone_name': 'Analytical'}]}]}"
170,393,"Nisshant Ngpl The material outside hardly has any impact on the profund inside. The inside needs work done for it separately. A great career, success ,family, wealth and even health are enough for a good survival but not good living. Someone can have everything on the outside and still be empty inside.  We need to revisit and stay in touch with our yogic roots which taught us how to treat this life within us","{'document_tone': {'tones': [{'score': 0.808945, 'tone_id': 'joy', 'tone_name': 'Joy'}, {'score': 0.892054, 'tone_id': 'tentative', 'tone_name': 'Tentative'}]}, 'sentences_tone': [{'sentence_id': 0, 'text': 'Nisshant Ngpl The material outside hardly has any impact on the profund inside.', 'tones': [{'score': 0.867767, 'tone_id': 'tentative', 'tone_name': 'Tentative'}]}, {'sentence_id': 1, 'text': 'The inside needs work done for it separately.', 'tones': [{'score': 0.506763, 'tone_id': 'analytical', 'tone_name': 'Analytical'}]}, {'sentence_id': 2, 'text': 'A great career, success ,family, wealth and even health are enough for a good survival but not good living.', 'tones': [{'score': 0.968683, 'tone_id': 'joy', 'tone_name': 'Joy'}, {'score': 0.525007, 'tone_id': 'tentative', 'tone_name': 'Tentative'}]}, {'sentence_id': 3, 'text': 'Someone can have everything on the outside and still be empty inside.', 'tones': [{'score': 0.707208, 'tone_id': 'sadness', 'tone_name': 'Sadness'}, {'score': 0.75152, 'tone_id': 'tentative', 'tone_name': 'Tentative'}]}, {'sentence_id': 4, 'text': 'We need to revisit and stay in touch with our yogic roots which taught us how to treat this life within us', 'tones': [{'score': 0.625802, 'tone_id': 'joy', 'tone_name': 'Joy'}]}]}"
171,394,Very shocking and hard to believe he committed suicide. He was successful though and young. It may be a murder....,"{'document_tone': {'tones': [{'score': 0.777555, 'tone_id': 'sadness', 'tone_name': 'Sadness'}, {'score': 0.71572, 'tone_id': 'tentative', 'tone_name': 'Tentative'}]}, 'sentences_tone': [{'sentence_id': 0, 'text': 'Very shocking and hard to believe he committed suicide.', 'tones': [{'score': 0.827792, 'tone_id': 'sadness', 'tone_name': 'Sadness'}, {'score': 0.660207, 'tone_id': 'confident', 'tone_name': 'Confident'}]}, {'sentence_id': 1, 'text': 'He was successful though and young.', 'tones': [{'score': 0.663324, 'tone_id': 'joy', 'tone_name': 'Joy'}]}, {'sentence_id': 2, 'text': 'It may be a murder....', 'tones': [{'score': 0.968123, 'tone_id': 'tentative', 'tone_name': 'Tentative'}]}]}"
172,395,Did he have no one to help him come out of depression? Very sad,"{'document_tone': {'tones': [{'score': 0.973316, 'tone_id': 'sadness', 'tone_name': 'Sadness'}, {'score': 0.89196, 'tone_id': 'analytical', 'tone_name': 'Analytical'}, {'score': 0.966751, 'tone_id': 'confident', 'tone_name': 'Confident'}]}, 'sentences_tone': [{'sentence_id': 0, 'text': 'Did he have no one to help him come out of depression?', 'tones': [{'score': 0.860972, 'tone_id': 'sadness', 'tone_name': 'Sadness'}, {'score': 0.788547, 'tone_id': 'analytical', 'tone_name': 'Analytical'}]}, {'sentence_id': 1, 'text': 'Very sad', 'tones': [{'score': 1.0, 'tone_id': 'sadness', 'tone_name': 'Sadness'}, {'score': 0.996934, 'tone_id': 'confident', 'tone_name': 'Confident'}]}]}"
173,396,Why he commits Suicide what is the reason behind that?,"{'document_tone': {'tones': [{'score': 0.752624, 'tone_id': 'sadness', 'tone_name': 'Sadness'}, {'score': 0.618451, 'tone_id': 'confident', 'tone_name': 'Confident'}, {'score': 0.687768, 'tone_id': 'analytical', 'tone_name': 'Analytical'}]}}"
174,397,Aum Shanti,{'document_tone': {'tones': []}}
175,400,There are millions who wish to have his life and wealth and all he wanted was to be happy that's a lesson for all that we should cherish happiness and  shouldn't desire for others to be in someone else's shoes you never know what they are going through,"{'document_tone': {'tones': [{'score': 0.914746, 'tone_id': 'joy', 'tone_name': 'Joy'}, {'score': 0.568262, 'tone_id': 'analytical', 'tone_name': 'Analytical'}]}}"
176,401,Rip,{'document_tone': {'tones': []}}
177,402,"Mohammed Ali Khan ,my dear, it was his ex manager not present manager, she was with her fiance and there is no scope for linking both as of now.",{'document_tone': {'tones': []}}
178,403,Mohammed Ali Khan  Bhai...its time to pray,{'document_tone': {'tones': []}}
179,404,"Not possible, Sushant was from a very well off and powerful family from Bihar with political connections. Money was not a constraint for him.","{'document_tone': {'tones': [{'score': 0.595929, 'tone_id': 'joy', 'tone_name': 'Joy'}, {'score': 0.51064, 'tone_id': 'analytical', 'tone_name': 'Analytical'}]}, 'sentences_tone': [{'sentence_id': 0, 'text': 'Not possible, Sushant was from a very well off and powerful family from Bihar with political connections.', 'tones': [{'score': 0.610952, 'tone_id': 'joy', 'tone_name': 'Joy'}]}, {'sentence_id': 1, 'text': 'Money was not a constraint for him.', 'tones': [{'score': 0.801827, 'tone_id': 'analytical', 'tone_name': 'Analytical'}]}]}"
180,405,"I was big fan of him. Tragic incident. But for those who were happy after shahid afridi covid positive, wow good news. One more idiot gone to hell.","{'document_tone': {'tones': [{'score': 0.567456, 'tone_id': 'joy', 'tone_name': 'Joy'}, {'score': 0.890603, 'tone_id': 'confident', 'tone_name': 'Confident'}]}, 'sentences_tone': [{'sentence_id': 0, 'text': 'I was big fan of him.', 'tones': [{'score': 0.620279, 'tone_id': 'analytical', 'tone_name': 'Analytical'}]}, {'sentence_id': 1, 'text': 'Tragic incident.', 'tones': [{'score': 0.835929, 'tone_id': 'sadness', 'tone_name': 'Sadness'}]}, {'sentence_id': 2, 'text': 'But for those who were happy after shahid afridi covid positive, wow good news.', 'tones': [{'score': 0.987174, 'tone_id': 'joy', 'tone_name': 'Joy'}, {'score': 0.751512, 'tone_id': 'confident', 'tone_name': 'Confident'}]}, {'sentence_id': 3, 'text': 'One more idiot gone to hell.', 'tones': [{'score': 0.883079, 'tone_id': 'anger', 'tone_name': 'Anger'}]}]}"
181,406,Prabir Banerjee You should pray as well. ,"{'document_tone': {'tones': [{'score': 0.516441, 'tone_id': 'fear', 'tone_name': 'Fear'}, {'score': 0.920855, 'tone_id': 'analytical', 'tone_name': 'Analytical'}]}}"
182,407,So sad,"{'document_tone': {'tones': [{'score': 1.0, 'tone_id': 'sadness', 'tone_name': 'Sadness'}]}}"
183,408,O God what is happening,{'document_tone': {'tones': []}}
184,409,Ohh so sad.. Rip,"{'document_tone': {'tones': [{'score': 0.916384, 'tone_id': 'sadness', 'tone_name': 'Sadness'}]}}"
185,410,He died for sure but not sure its suicide....,"{'document_tone': {'tones': [{'score': 0.928992, 'tone_id': 'sadness', 'tone_name': 'Sadness'}]}}"
186,411,RIP ,{'document_tone': {'tones': []}}
187,412,Om Shanti üôè,"{'document_tone': {'tones': [{'score': 0.637717, 'tone_id': 'joy', 'tone_name': 'Joy'}]}}"
188,413,Sourabh Jaiswal copy and paste.... Agreed,{'document_tone': {'tones': []}}
189,414,Very sad,"{'document_tone': {'tones': [{'score': 1.0, 'tone_id': 'sadness', 'tone_name': 'Sadness'}, {'score': 0.996934, 'tone_id': 'confident', 'tone_name': 'Confident'}]}}"
190,415,How it is confirmed that he  commits suicide?,"{'document_tone': {'tones': [{'score': 0.754771, 'tone_id': 'sadness', 'tone_name': 'Sadness'}, {'score': 0.704642, 'tone_id': 'confident', 'tone_name': 'Confident'}, {'score': 0.920855, 'tone_id': 'analytical', 'tone_name': 'Analytical'}]}}"
191,416,Never thought depression can be so dangerous....really sad but at the same time üò†...people earn stardom at an early age & cannot handle....something crazy about stardom' world.So many actors now a days commiting .... Reall sadüòî,"{'document_tone': {'tones': [{'score': 0.918652, 'tone_id': 'sadness', 'tone_name': 'Sadness'}]}}"
192,417,üò≠üò≠üò≠,"{'document_tone': {'tones': [{'score': 0.867884, 'tone_id': 'sadness', 'tone_name': 'Sadness'}]}}"
193,418,Sad ... RIP,"{'document_tone': {'tones': [{'score': 0.963464, 'tone_id': 'sadness', 'tone_name': 'Sadness'}]}}"
194,419,üò¢üíïüôè,"{'document_tone': {'tones': [{'score': 0.50511, 'tone_id': 'sadness', 'tone_name': 'Sadness'}]}}"
195,420,RIP,{'document_tone': {'tones': []}}
196,421,Two days before his manager committed suicide,"{'document_tone': {'tones': [{'score': 0.852897, 'tone_id': 'sadness', 'tone_name': 'Sadness'}, {'score': 0.751512, 'tone_id': 'confident', 'tone_name': 'Confident'}]}}"
197,422,Ritwik Dasgupta ,{'document_tone': {'tones': []}}
198,423,"Suicide is nothing , no use of doing. Be patient always. Try normal way of living and adjust how much you can. ","{'document_tone': {'tones': [{'score': 0.673633, 'tone_id': 'sadness', 'tone_name': 'Sadness'}, {'score': 0.637364, 'tone_id': 'analytical', 'tone_name': 'Analytical'}, {'score': 0.818552, 'tone_id': 'confident', 'tone_name': 'Confident'}]}, 'sentences_tone': [{'sentence_id': 0, 'text': 'Suicide is nothing , no use of doing.', 'tones': [{'score': 0.883079, 'tone_id': 'sadness', 'tone_name': 'Sadness'}]}, {'sentence_id': 1, 'text': 'Be patient always.', 'tones': [{'score': 0.989586, 'tone_id': 'confident', 'tone_name': 'Confident'}]}, {'sentence_id': 2, 'text': 'Try normal way of living and adjust how much you can.', 'tones': [{'score': 0.703409, 'tone_id': 'analytical', 'tone_name': 'Analytical'}]}]}"
199,424,"People, please stop judging book by its covers.....physical pain can be treated.....but deep down sorrows hurt person a lot.....none of know what he was going through.....just pray that his soul will be pain free.","{'document_tone': {'tones': [{'score': 0.87674, 'tone_id': 'sadness', 'tone_name': 'Sadness'}]}}"
200,427,When he was alive he didn't think for other so let him die  no use of mourning samething to other rich people also,"{'document_tone': {'tones': [{'score': 0.623657, 'tone_id': 'joy', 'tone_name': 'Joy'}]}}"
201,428,üôèüèªüôèüèªüôèüèªR.I.P üôèüèªüôèüèªüôèüèª  https://youtu.be/RsSdBct_3KU,{'document_tone': {'tones': []}}
202,429,Why? üò¢üò¢üò¢ Rest In Peace!üôè,"{'document_tone': {'tones': [{'score': 0.858693, 'tone_id': 'sadness', 'tone_name': 'Sadness'}]}}"
203,430,Om Shanti RIP üôèüôè,{'document_tone': {'tones': []}}
204,431,Vardhman Patel why not the worst he may be going through... But suicide is not a solution at the age of 34 where people still struggle to earn for 2 times food. Whatever case may be need to fight. ,"{'document_tone': {'tones': [{'score': 0.514145, 'tone_id': 'sadness', 'tone_name': 'Sadness'}, {'score': 0.895195, 'tone_id': 'tentative', 'tone_name': 'Tentative'}]}, 'sentences_tone': [{'sentence_id': 0, 'text': 'Vardhman Patel why not the worst he may be going through...', 'tones': [{'score': 0.786991, 'tone_id': 'tentative', 'tone_name': 'Tentative'}]}, {'sentence_id': 1, 'text': 'But suicide is not a solution at the age of 34 where people still struggle to earn for 2 times food.', 'tones': [{'score': 0.611153, 'tone_id': 'sadness', 'tone_name': 'Sadness'}]}, {'sentence_id': 2, 'text': 'Whatever case may be need to fight.', 'tones': [{'score': 0.88939, 'tone_id': 'tentative', 'tone_name': 'Tentative'}]}]}"
205,432,Rip,{'document_tone': {'tones': []}}
206,433,Depression is treatable.  Please see doctors if you are going through this.  Giving medicine for depression is not the only solution ,"{'document_tone': {'tones': [{'score': 0.817171, 'tone_id': 'sadness', 'tone_name': 'Sadness'}, {'score': 0.898696, 'tone_id': 'analytical', 'tone_name': 'Analytical'}]}, 'sentences_tone': [{'sentence_id': 0, 'text': 'Depression is treatable.', 'tones': [{'score': 0.915944, 'tone_id': 'sadness', 'tone_name': 'Sadness'}]}, {'sentence_id': 1, 'text': 'Please see doctors if you are going through this.', 'tones': [{'score': 0.724236, 'tone_id': 'analytical', 'tone_name': 'Analytical'}]}, {'sentence_id': 2, 'text': 'Giving medicine for depression is not the only solution', 'tones': [{'score': 0.913645, 'tone_id': 'sadness', 'tone_name': 'Sadness'}, {'score': 0.842108, 'tone_id': 'analytical', 'tone_name': 'Analytical'}]}]}"
207,434,Yasmin Felix Webb rip,"{'document_tone': {'tones': [{'score': 0.8193, 'tone_id': 'sadness', 'tone_name': 'Sadness'}]}}"
208,435,Simpy Sathoo very shocking ,"{'document_tone': {'tones': [{'score': 0.97759, 'tone_id': 'confident', 'tone_name': 'Confident'}]}}"
209,436,Nidhi Kamath soo sad ji,"{'document_tone': {'tones': [{'score': 0.791945, 'tone_id': 'sadness', 'tone_name': 'Sadness'}]}}"
210,437,Raghani Upadhayay u r right,"{'document_tone': {'tones': [{'score': 0.526459, 'tone_id': 'joy', 'tone_name': 'Joy'}]}}"
211,438,Unbelievable news . Oh God ! what is happened ? Very shocking . Om Santi .,"{'document_tone': {'tones': [{'score': 0.975399, 'tone_id': 'confident', 'tone_name': 'Confident'}]}, 'sentences_tone': [{'sentence_id': 0, 'text': 'Unbelievable news .', 'tones': []}, {'sentence_id': 1, 'text': 'Oh God !', 'tones': []}, {'sentence_id': 2, 'text': 'what is happened ?', 'tones': []}, {'sentence_id': 3, 'text': 'Very shocking .', 'tones': [{'score': 0.899344, 'tone_id': 'anger', 'tone_name': 'Anger'}, {'score': 0.996934, 'tone_id': 'confident', 'tone_name': 'Confident'}]}, {'sentence_id': 4, 'text': 'Om Santi .', 'tones': []}]}"
212,439,Pranamam,{'document_tone': {'tones': []}}
213,440,Nice tribute to sushant  https://youtu.be/eZ3iWaUIYbc,"{'document_tone': {'tones': [{'score': 0.839253, 'tone_id': 'joy', 'tone_name': 'Joy'}]}}"
214,441,Lalbiaksanga Molshoy Molshoy https://www.google.co.in/amp/s/www.eastmojo.com/nagaland/2020/06/14/in-sushant-singh-rajputs-death-nagaland-lost-a-kind-soul,{'document_tone': {'tones': []}}
215,442,"‡§Ö‡§™‡§®‡•Ä ‡§∂‡§ï‡•ç‡§∏‡§ø‡§Ø‡§§  ‡§ñ‡•Å‡§¶ ‡§π‡•Ä ‡§∏‡§Ç‡§µ‡§æ‡§∞‡§®‡§æ ‡§∏‡•Ä‡§ñ‡•ã, ‡§ï‡•ã‡§à  ‡§¶‡•Ç‡§∏‡§∞‡§æ ‡§§‡•Å‡§Æ‡•ç‡§π‡•à  ‡§Æ‡§®‡§æ‡§®‡•á ‡§®‡§π‡•Ä ‡§Ü‡§Ø‡•á‡§ó‡§æ‡•§ ‡§ú‡§Æ‡•Ä ‡§ï‡§¨ ‡§™‡•à‡§∞‡•ã ‡§∏‡•á ‡§∏‡§∞‡§ï‡•á‡§ó‡•Ä, ‡§∏‡§Æ‡§ù ‡§Æ‡•á  ‡§§‡•á‡§∞‡•á ‡§ï‡§≠‡•Ä ‡§® ‡§Ü‡§Ø‡•á‡§ó‡§æ‡•§",{'document_tone': {'tones': []}}
216,443,May his soul rest in peace,"{'document_tone': {'tones': [{'score': 0.625077, 'tone_id': 'sadness', 'tone_name': 'Sadness'}, {'score': 0.946222, 'tone_id': 'tentative', 'tone_name': 'Tentative'}]}}"
217,444,Strange or could it be murder. His manager allegedly committed suicide a few days ago or was pushed . God knows rip dear one üíîüôèüôè,"{'document_tone': {'tones': [{'score': 0.854657, 'tone_id': 'sadness', 'tone_name': 'Sadness'}, {'score': 0.989256, 'tone_id': 'tentative', 'tone_name': 'Tentative'}, {'score': 0.816179, 'tone_id': 'analytical', 'tone_name': 'Analytical'}]}, 'sentences_tone': [{'sentence_id': 0, 'text': 'Strange or could it be murder.', 'tones': [{'score': 0.994446, 'tone_id': 'tentative', 'tone_name': 'Tentative'}]}, {'sentence_id': 1, 'text': 'His manager allegedly committed suicide a few days ago or was pushed .', 'tones': [{'score': 0.74512, 'tone_id': 'sadness', 'tone_name': 'Sadness'}, {'score': 0.75152, 'tone_id': 'tentative', 'tone_name': 'Tentative'}, {'score': 0.620279, 'tone_id': 'analytical', 'tone_name': 'Analytical'}]}, {'sentence_id': 2, 'text': 'God knows rip dear one üíîüôèüôè', 'tones': [{'score': 0.742153, 'tone_id': 'sadness', 'tone_name': 'Sadness'}, {'score': 0.882284, 'tone_id': 'analytical', 'tone_name': 'Analytical'}]}]}"
218,445,God give him peace of his soul  üôèüèª,"{'document_tone': {'tones': [{'score': 0.791655, 'tone_id': 'joy', 'tone_name': 'Joy'}]}}"
219,446,Commiting suicide is a coward. Don't understand the trend. But he has definitely set the trend.,"{'document_tone': {'tones': [{'score': 0.631417, 'tone_id': 'sadness', 'tone_name': 'Sadness'}, {'score': 0.879695, 'tone_id': 'analytical', 'tone_name': 'Analytical'}, {'score': 0.952663, 'tone_id': 'confident', 'tone_name': 'Confident'}]}, 'sentences_tone': [{'sentence_id': 0, 'text': 'Commiting suicide is a coward.', 'tones': [{'score': 0.783026, 'tone_id': 'sadness', 'tone_name': 'Sadness'}]}, {'sentence_id': 1, 'text': ""Don't understand the trend."", 'tones': [{'score': 0.948998, 'tone_id': 'analytical', 'tone_name': 'Analytical'}]}, {'sentence_id': 2, 'text': 'But he has definitely set the trend.', 'tones': [{'score': 0.616879, 'tone_id': 'joy', 'tone_name': 'Joy'}, {'score': 0.560098, 'tone_id': 'analytical', 'tone_name': 'Analytical'}, {'score': 0.92125, 'tone_id': 'confident', 'tone_name': 'Confident'}]}]}"
220,447,RIP Sushant u will b greatly missed s u were a fine actor,"{'document_tone': {'tones': [{'score': 0.888999, 'tone_id': 'sadness', 'tone_name': 'Sadness'}, {'score': 0.509368, 'tone_id': 'confident', 'tone_name': 'Confident'}]}}"
221,448,People who kill themselves are not quitters....but they are unable to find solutions and reasons which make them value their lives....it also shows how isolated people have become....,"{'document_tone': {'tones': [{'score': 0.681504, 'tone_id': 'sadness', 'tone_name': 'Sadness'}, {'score': 0.687768, 'tone_id': 'analytical', 'tone_name': 'Analytical'}]}}"
222,449,Sridhar Dharmapadam  killing oneself requires more courage....but for reasons best known to oneself they chose death over life,"{'document_tone': {'tones': [{'score': 0.828638, 'tone_id': 'analytical', 'tone_name': 'Analytical'}]}}"
223,450,Rip,{'document_tone': {'tones': []}}
224,451,https://youtu.be/TBlVRKSBYY0,{'document_tone': {'tones': []}}
225,454,"Sadly, He chose his climax to be a horrible one.  . RIP Sushant","{'document_tone': {'tones': [{'score': 0.86623, 'tone_id': 'sadness', 'tone_name': 'Sadness'}]}, 'sentences_tone': [{'sentence_id': 0, 'text': 'Sadly, He chose his climax to be a horrible one.  .', 'tones': [{'score': 0.77855, 'tone_id': 'sadness', 'tone_name': 'Sadness'}]}, {'sentence_id': 1, 'text': 'RIP Sushant', 'tones': [{'score': 0.819904, 'tone_id': 'sadness', 'tone_name': 'Sadness'}]}]}"
226,455,Tragic,{'document_tone': {'tones': []}}
227,456,üôèüôèüôèüôè,"{'document_tone': {'tones': [{'score': 0.5621, 'tone_id': 'joy', 'tone_name': 'Joy'}]}}"
228,457,I fully agree to the comments of Janet pereira,{'document_tone': {'tones': []}}
229,458,A clear example of how we all complicate our lives by not keeping our desires in check and engage in some spiritual pursuits. ,"{'document_tone': {'tones': [{'score': 0.779682, 'tone_id': 'joy', 'tone_name': 'Joy'}, {'score': 0.9375, 'tone_id': 'analytical', 'tone_name': 'Analytical'}, {'score': 0.560944, 'tone_id': 'confident', 'tone_name': 'Confident'}]}}"
230,459,Rip,{'document_tone': {'tones': []}}
231,460,Very shocking.. May his soul rest in peace. üò≠üò≠,"{'document_tone': {'tones': [{'score': 0.916228, 'tone_id': 'sadness', 'tone_name': 'Sadness'}]}, 'sentences_tone': [{'sentence_id': 0, 'text': 'Very shocking.. May his soul rest in peace.', 'tones': [{'score': 0.916228, 'tone_id': 'sadness', 'tone_name': 'Sadness'}]}, {'sentence_id': 1, 'text': 'üò≠üò≠', 'tones': []}]}"
232,461,Om Mani Padmae Hum...üôèüèªüôèüèª,{'document_tone': {'tones': []}}
233,462,He was murdered by his film faternity,{'document_tone': {'tones': []}}
234,463,U we‚Äôre the gem of Bollywood industry....Ripüôèüèª,{'document_tone': {'tones': []}}
235,464,Both murder,"{'document_tone': {'tones': [{'score': 0.931034, 'tone_id': 'anger', 'tone_name': 'Anger'}, {'score': 0.916667, 'tone_id': 'sadness', 'tone_name': 'Sadness'}, {'score': 0.931034, 'tone_id': 'fear', 'tone_name': 'Fear'}]}}"
236,465,Truth will never cm out,"{'document_tone': {'tones': [{'score': 0.961633, 'tone_id': 'confident', 'tone_name': 'Confident'}]}}"
237,466,Lalbiaksanga Molshoy Molshoy wt r u doing ....only blaming to others in yr whole life...u r born to go  to helll,"{'document_tone': {'tones': [{'score': 0.509751, 'tone_id': 'sadness', 'tone_name': 'Sadness'}]}}"
238,467,Shweta Jha he donated at kerala flood time also....n many more,{'document_tone': {'tones': []}}
239,468,Its murder....took bribe n declared murder,"{'document_tone': {'tones': [{'score': 0.94715, 'tone_id': 'analytical', 'tone_name': 'Analytical'}]}}"
