Comment,Time,positive,negative,neutral,compound
2 sadhus lunched on live TV who cares? an old man dies ( no doubt very sad) of old age and health problems world is falling I mean atleast pretend to be neutral,2021-07-05T17:50:04Z,0.08,0.278,0.642,-0.6597
"Congratulations to Godi Media one Naxal died ,Urban Naxal Deshdroh, Foreign funding <br>DESHBHAKT or MODI JI Bhakt Media",2021-07-05T17:51:04Z,0.166,0.153,0.681,0.0772
â˜ğŸ»ğŸ™ğŸ»ğŸ™ğŸ˜¢ğŸ˜­,2021-07-05T18:01:19Z,0.0,0.0,1.0,0.0
Modi is unconstitutional PM by EVM settings from 2014<br>à¤®à¥‹à¤¦à¥€ à¤à¤• à¤…à¤¸à¤‚à¤µà¤¿à¤§à¤¨à¤¿à¤• à¤ªà¥à¤°à¤§à¤¾à¤¨ à¤®à¤‚à¤¤à¥à¤°à¥€ à¤¹à¥ˆà¤‚ à¤œà¥‹ EVM settings à¤¸à¥‡ à¤¸à¤¤à¥à¤¤à¤¾ à¤šà¥‹à¤°à¥€ à¤•à¤¿à¤¯à¤¾ à¤‰à¤¸à¤•à¤¾ à¤‡à¤®à¥‡à¤œ à¤•à¤¾ à¤ªà¥à¤°à¤šà¤¾à¤° à¤¦à¤²à¤¾à¤² à¤®à¥€à¤¡à¤¿à¤¯à¤¾ aur RSS ne kiya 2014 à¤¸à¥‡,2021-07-05T18:08:30Z,0.0,0.0,1.0,0.0
well planned murder.,2021-07-05T18:08:43Z,0.269,0.603,0.128,-0.5574
"now i&#39;m shamed of myself, a man from kerala worked for 50 years for our adivasis and  jharkhand, what i&#39;m doing , just nothing. shame on my young blood. bela bhatia, sudha bharadwaj, jean dreaze, stan swary are real heroes who worked silently not those political leader only barking.",2021-07-05T18:12:07Z,0.11,0.067,0.823,0.308
Shame on our justice system. <br>Where our country is moving?<br>Shameless. Inhumane.  <br><br>RIP Sir Stan Swamy.,2021-07-05T18:56:29Z,0.174,0.159,0.667,0.0772
A sad day for Indian democracy.<br>Social activsts are jailed and left to die and the corrupt are let lose.,2021-07-05T18:57:32Z,0.0,0.48,0.52,-0.9169
Thank you Indian Government and Indian Judiciary for this NOBELEST act of yours.  After all you succeeded in punishing the greatest conspirator of India.  Shame on us as we are citizens of this country.,2021-07-05T19:25:29Z,0.21,0.148,0.642,0.4215
Why can&#39;t Indian Government and Judiciary be trailed in International court of justice outside India. Shame on Indian  Government and Judiciary. Shame on you. It&#39;s a cold blooded &amp; deliberate murder  .,2021-07-05T19:28:14Z,0.084,0.27,0.645,-0.8176
"Murder. This is nothing but custodial murder. Shame on our government.our police,our judiciary. Shame on us.",2021-07-05T19:38:42Z,0.181,0.395,0.425,-0.7221
RSS government and NIA Hindustan ka sarvanash karke hi maregha.,2021-07-05T19:41:43Z,0.0,0.0,1.0,0.0
"Jo begunah logo ko jailo me tusa gaya hai, <br>Unka badduwa Hindustan ko zaroor lagega. <br>Vinaash kaal vipareet bhuddhi.",2021-07-05T19:52:53Z,0.0,0.0,1.0,0.0
God died to save u frm all sins n arose on da 3rd day n will comeback to take u bodily to heaven if u just believe.c redemption in google....,2021-07-05T20:00:55Z,0.244,0.187,0.568,0.25
Paralyzed political judiciary of India,2021-07-05T20:05:17Z,0.0,0.0,1.0,0.0
It is the failure of every fucking system in the country all 3 systems and the media and me and  you.....,2021-07-05T20:16:45Z,0.0,0.148,0.852,-0.5106
What will court now reply on delay of justice. Let him be accused but he is not guilty unless declared guilty this is compromise to dignity in death as well. While people will. Be furious but what will our courts respond or they will jus wash off their hands..,2021-07-05T20:28:54Z,0.212,0.201,0.588,-0.0654
This is RSS and Fascist Modi governments cold blood killing of 84 years old social activist. Whole world should be raise their condolence.,2021-07-05T20:31:22Z,0.0,0.276,0.724,-0.8402
"Definitely murder, shame on the Indian government!",2021-07-05T20:34:01Z,0.183,0.547,0.27,-0.75
"We have a fantastic Judiciary and bright police and their colleagues, don&#39;t worry every dog has his day,u will see some off these guys rolling i  bed",2021-07-05T21:30:24Z,0.207,0.092,0.701,0.5574
Pray for our country from above,2021-07-05T21:45:19Z,0.315,0.0,0.685,0.3182
Sri. Ranjan Gogai.!!!!!!!!!,2021-07-05T22:57:28Z,0.0,0.0,1.0,0.0
"May your soul rest in eternal peace, Fr. Stan. â£ May God grant us the grace to forgive those who persecute us, and continue to live our lives in faith, hope and most importantly, love.",2021-07-06T00:16:49Z,0.487,0.059,0.454,0.9669
"God died to save u frm all sins n arose on da 3rd day n will comeback to take u bodily to heaven if u just believe.c redemption in google...,.",2021-07-06T00:51:10Z,0.244,0.187,0.568,0.25
"Living long past retirement years is a travail by itself and one usually gets affected by ailments. There&#39;s no gain saying it. However, there&#39;s a law which has to be enforced. The Koregaon issue borders on defeat of religious supremacists against denied supremacists. The latter was supported by the  British and their win an occasion of celebration. Stan Swamy supported it for political gains of the deprived who remained so over 70-years when taxpayer money was pillaged by governments of the day. This aspect missed the bus in Stan Swamy&#39;s thoughts and irrationality became a fodder for his pronouncements. In this hatred filled environment where social disorder is needed by several political groups. I grieve for a human life who could have painted his world in wisdom. I condemn the heinous man whose wisdom lay in spreading hatred.",2021-07-06T01:22:48Z,0.122,0.231,0.647,-0.9485
Inhumane act.  Ashamed as an Indian.,2021-07-06T02:03:07Z,0.0,0.383,0.617,-0.4767
RajDICK DALALDESAI ak dalal hai<br>Aur india today is fake news today,2021-07-06T02:14:01Z,0.0,0.237,0.763,-0.4767
RIP - Stan Swamy. Yet  other good-for- nothing criminal politicians are walking free ... Disgraceful BJP!!,2021-07-06T02:21:21Z,0.339,0.0,0.661,0.7691
"RIP fr,swamyğŸ˜­",2021-07-06T02:23:00Z,0.0,0.0,1.0,0.0
Why did Stan Swamy wage war against India?,2021-07-06T02:24:10Z,0.0,0.358,0.642,-0.5994
He is not dead...He lives as long as Adivasi Converters live who convert people for Rice Bags.<br>He lives as long as Anti-national Activities try to destroy the nation.<br>He lives as long as Leftists create Caste Divide and Divide Hindus.,2021-07-06T02:26:29Z,0.049,0.082,0.869,-0.34
Rajdeep in own show doesnot allow panelist to speak and in NETANAGRI (Lallantop) he wants to speak and doesnot listen to anchor.,2021-07-06T02:34:03Z,0.083,0.0,0.917,0.2263
"The Politicians, police esp NIA and the courts killed him. PERIOD.",2021-07-06T03:01:40Z,0.0,0.31,0.69,-0.6705
"State,godi media and judiciary all are hand&#39;s in glove in denying justice and taking a citizen life.",2021-07-06T03:07:46Z,0.172,0.121,0.707,0.25
India died yesterday.,2021-07-06T03:14:26Z,0.0,0.643,0.357,-0.5574
"Holy Jesus ,thank you for  forgiving the evil hearts..",2021-07-06T03:15:21Z,0.342,0.278,0.38,0.0
Today Fr.stan.Who will they kill tomorrow?,2021-07-06T03:26:40Z,0.0,0.485,0.515,-0.6908
He was Naxal supporter,2021-07-06T03:27:07Z,0.412,0.0,0.588,0.2732
He created social unrest,2021-07-06T03:31:27Z,0.4,0.0,0.6,0.25
ITS A MURDER,2021-07-06T03:35:00Z,0.0,0.825,0.175,-0.6908
ğŸŸ¥ğŸŸ¥ ğŸ‘‰ğŸ‘‰ Blood of this innocent soal   will be  in Modi&#39;s and Shaw&#39;s hand. All the perfumes of Arabia will not sweeten this.... ğŸ’¯ğŸ’¯ğŸ˜¢ğŸ˜¢ğŸ˜¢ğŸŸ¥ğŸŸ¥ğŸŸ¥ğŸŸ¥ğŸŸ¥ğŸŸ¥ğŸŸ¥ğŸ”¥ğŸ©¸ğŸ©¸ğŸ©¸ğŸ©¸ğŸ©¸ğŸ©¸ğŸ©¸ğŸ©¸ğŸ©¸ğŸ©¸ğŸ©¸ğŸ©¸ğŸ©¸ğŸ©¸ğŸ©¸ğŸ©¸ğŸ©¸ğŸ”¥ğŸ”¥ğŸ”¥,2021-07-06T03:37:14Z,0.213,0.0,0.787,0.714
"This is proper planned murder of a innocent man. This total failure of Govt , judicial and police. This country moving towards lawlessness.",2021-07-06T03:38:31Z,0.085,0.282,0.634,-0.765
Rajdeep SARDESAI is never fluent always groping for words people are wondering why is he called tv news anchor he asks questions which make no sense or biased.,2021-07-06T03:40:54Z,0.0,0.142,0.858,-0.5106
"Long live fr.  Stan.  Your sincere dedication to the cause of the poor will inspire millions of sensible indians to stand  United to stop such senseless treatment as that given to the saintly man of god, fr.stan",2021-07-06T03:45:44Z,0.237,0.111,0.651,0.7184
Corrupt journalist are at the mercy of conversion mafia as they hold key to European and USA visas  and also pump lots of money into their news organisations . In return  this journalist  ignore this conversion mafia and if any illegal activities are found then raise hell in media to any action taken against conversion mafia.,2021-07-06T03:46:24Z,0.039,0.167,0.794,-0.8481
If this continuesâ€¦ India deserves international sanctions,2021-07-06T03:49:01Z,0.0,0.0,1.0,0.0
This is murder by  central government and judges,2021-07-06T03:52:02Z,0.0,0.402,0.598,-0.6908
Are we really in a democratic country?? V sad that India going/gone back to Stone Age civilization,2021-07-06T04:00:47Z,0.0,0.198,0.802,-0.5362
Are we really in a democratic country?? V sad that India going/gone back to Stone Age civilization,2021-07-06T04:00:48Z,0.0,0.198,0.802,-0.5362
"What is the use of all this show, when fr. Stan swamy is dead",2021-07-06T04:05:45Z,0.0,0.249,0.751,-0.6486
"Why are you not talking of all the killings in Bengal . . ? <br>Since you can not talk about the obvious issues, your credibility is zero.<br> May be your men only disposed him off to pin blame on the right ruling party. May the truth come out  and slap the culprits right on their faces.",2021-07-06T04:14:39Z,0.107,0.112,0.78,-0.3182
No need to pity a Maoist,2021-07-06T04:16:17Z,0.0,0.595,0.405,-0.5267
Ache din yeh hai,2021-07-06T04:29:35Z,0.0,0.464,0.536,-0.3818
All this news will go for days n forgotten this is media doing why was he not given help when he was alive n sipper was not given to him this is very cruelty only bcos he was a priest did NIA would do this if Modi need a straw,2021-07-06T04:35:44Z,0.049,0.158,0.793,-0.6957
"Crime larger than life. The ignominous acts he had been doing through out his long checkered stay in the tribal area was clearly debasing. To shed crocodile tears on his age-related, natural demise, is likely to expose the agenda of the publicity starved news agencies. It&#39;s in public domain and it would be in their own interest not to soil themselves further and be exposed as renegades.",2021-07-06T04:36:34Z,0.104,0.15,0.746,-0.4019
NDA Govt. ğŸ‘ğŸ‘ğŸ‘ğŸ‘ğŸ˜¡ğŸ˜¡ğŸ‘ğŸ‘ğŸ˜ ğŸ˜ ğŸ¤¬ğŸ¤¬ğŸ˜¡ğŸ˜¬ğŸ˜¬ğŸ˜¬,2021-07-06T04:39:50Z,0.0,0.0,1.0,0.0
This is common to delay court hearing n making innocent people to suffer who ever refuse to give the sipper should be punish judiciary sucks why can&#39;t media get the NIA on air to talk,2021-07-06T04:40:14Z,0.054,0.314,0.632,-0.8885
"Yeah, we are good at jailing senior citizens and providing basic needs but criminal politicians, police other powerful people roam free and some eben get bail to get married. What farce of a judiciary system we are running, God only knows ğŸ¤”ğŸ˜ ğŸ˜¡",2021-07-06T04:50:04Z,0.254,0.144,0.602,0.6369
Only God will punish these dirty judges.Can these judges DARE to do same with Modi&#39;s mother?,2021-07-06T04:55:42Z,0.098,0.294,0.607,-0.6369
NIA will celebrate.... Some of them will get promotion .,2021-07-06T04:59:50Z,0.0,0.0,1.0,0.0
Miss use of power BY Indian GOVT.,2021-07-06T05:05:11Z,0.0,0.211,0.789,-0.1531
Cry Rajdeep Cry.. Your Maoist christian father passed away..,2021-07-06T05:06:06Z,0.0,0.279,0.721,-0.4767
Sad day fir christian missionary ans Maoists,2021-07-06T05:07:53Z,0.0,0.341,0.659,-0.4767
What about the CRPF officials who died fighting the Maoists? There should be no mercy for people who conspire against the country.,2021-07-06T05:10:45Z,0.087,0.288,0.625,-0.7003
"Finally, Fr. Stan Swamy got killed by New India&#39;s pliant Judiciary, media and agencies. How many more to die before the fire of injustices and sufferings reaches on every door and burns the house down.",2021-07-06T05:11:56Z,0.028,0.256,0.716,-0.8974
"All those responsible central government, judges, jail authorities...will face their karma",2021-07-06T05:18:00Z,0.187,0.0,0.813,0.3182
You  bledyfools you have the time to talk nonsense  after person death took place.,2021-07-06T05:22:43Z,0.0,0.355,0.645,-0.765
"NOW INDIA IS  SECRETLY APPLYING WITH  DEVIDE AND RULE POLICY . WE MIZORAM IS A CHRISTIAN STATE ,WHEN ASSAM BJP TAKEN MAJORITY THEY ARE TRYING TO TAKE SOME PART OF MIZORAM LAND TOO...<br><br>CATHOLIC CHRISTIAN SUFFERING IN MANY WAYS .... <br>SECOND XI JINGPING",2021-07-06T05:24:27Z,0.0,0.089,0.911,-0.5904
Before they put Jail i want them to look themself infront of the mirror and i want them to ask who are they .<br><br>As i am human right activist  I  really really blame BJP PARTY. IF THEY TOOK MAJORITY SO LONG WE INDIA WILL BE IN BAD SITUATION MORE AND MORE.,2021-07-06T05:28:49Z,0.113,0.13,0.757,-0.4419
May his soul rest in peace.,2021-07-06T05:30:04Z,0.412,0.0,0.588,0.5423
God given bail to Stans lourthu samy born at Tiruchi Tamilnadu. Worked for tribes in jarkhand.<br>RIP,2021-07-06T05:40:29Z,0.123,0.0,0.877,0.2732
"Injustice has been done with fr. Stan swamy. Justice should be done, and Stan swamy should be given justice. ğŸ™ğŸ™ğŸ™",2021-07-06T05:46:54Z,0.247,0.135,0.618,0.4767
RIP Rev. Father  Stan Swamy âœï¸ğŸ™ğŸŒ¹ğŸŒ¹ğŸŒ¹,2021-07-06T05:48:20Z,0.0,0.0,1.0,0.0
We are sadned ğŸ˜­ we miss you Rev. Father ğŸ™ğŸ™ğŸ™,2021-07-06T05:49:13Z,0.0,0.167,0.833,-0.1531
A true servant of our LORD ğŸ™ğŸ™ğŸ™,2021-07-06T05:49:34Z,0.359,0.0,0.641,0.4215
The UAPA act should re looked by the politicians for the best interest of Democracy other wise India will die soon . The great Sacrifices of our forefathers will go in vain.,2021-07-06T05:52:50Z,0.312,0.145,0.542,0.8271
NIA has become Narendra Investigation Agency. NIA was instituted for Terror Cases. But now it become a fraud agency with 98% cases are non-terror where you can&#39;t find any traces of terrorism and working with vested interests of Modi Govt. Ban NIA.,2021-07-06T05:55:41Z,0.076,0.322,0.602,-0.9538
"Hinduism kills, this time its Father Stan Swamy. Stay safe, avoid Hinduism",2021-07-06T05:56:26Z,0.165,0.324,0.511,-0.4215
Margaya ğŸ¤£,2021-07-06T05:56:59Z,0.0,0.0,1.0,0.0
"His several pleas for release on medical grounds were rejected, which has led to his death, Can anybody file a case against the system for murder now?",2021-07-06T05:59:23Z,0.0,0.341,0.659,-0.9169
He was popular hence everyone talking about. Lakhs of people languishing in jail without any crime while many criminals are roaming free.  <br>Recently one guy was freed after 25 years. He was framed in fake rape case. But media didn&#39;t debate on that.,2021-07-06T06:05:50Z,0.153,0.142,0.705,-0.1091
Andh  bhakth and Godi media.....open your eyes,2021-07-06T06:15:04Z,0.0,0.0,1.0,0.0
"Those who do not believe in INDIAN Justice....can leave INDIA and go to any other country, where they can find justice...",2021-07-06T06:22:30Z,0.0,0.057,0.943,-0.0516
Nobody helped him to save his life. There is no value of poor people in this country. We follow the theory of might is right. May his soul rest in peace. Amen.,2021-07-06T06:26:33Z,0.22,0.128,0.652,0.5859
*Favour thy Favour...Kill the dead&quot;..Favour the hate speech of AT KM...Killed in the Afghan Frankenstein manner for a care giver to the poor tribals...where is the HRC of India...stand for a 84 years old...return gift to Father Stan Swamy...Akhil Gogoi of Assam released for lack of evidence of UAPA.. hear his press conference speech and whom he has named and held responsible...,2021-07-06T06:33:02Z,0.119,0.127,0.754,-0.1531
Ask the Maharashtra government for the failure of justice...,2021-07-06T06:33:07Z,0.0,0.292,0.708,-0.5106
Rip. Father will become a Saint in india,2021-07-06T06:38:26Z,0.0,0.0,1.0,0.0
"See the hypocrite, they were doing nothing when he was live, now suddenly shedding tears and blaming judiciary on his death....shame on such hypocrite.",2021-07-06T06:42:11Z,0.0,0.188,0.812,-0.6249
UAPA should be abolished,2021-07-06T06:46:21Z,0.0,0.0,1.0,0.0
May father Satan Swami soul rest in peace,2021-07-06T07:14:20Z,0.333,0.0,0.667,0.5423
No need to feel ashamed.. He was given proper medication.. He was involved in naxel activities..,2021-07-06T07:17:17Z,0.0,0.128,0.872,-0.296
When Palghar sadhus murdered.. No one shed tear for them,2021-07-06T07:18:28Z,0.0,0.196,0.804,-0.296
Welcome to  ğŸŒ republic,2021-07-06T08:02:12Z,0.6,0.0,0.4,0.4588
Stan Swamy was a urban naxal.<br>Please don&#39;t play the victim card.,2021-07-06T08:04:22Z,0.192,0.168,0.64,0.0772
It is  all destiny and his health. Nobody else is responsible .,2021-07-06T08:06:41Z,0.187,0.0,0.813,0.3182
I HAVE LOST FAITH IN OUR GOVERNMENT .IN JUSTICE .ALL CORRUPTION IS GOING ON...,2021-07-06T08:07:48Z,0.335,0.124,0.541,0.5994
Judiciary failed  supreme  court failed to intervene,2021-07-06T08:13:39Z,0.254,0.465,0.282,-0.4588
This is real power of government  for Adibasi.,2021-07-06T08:16:33Z,0.0,0.0,1.0,0.0
"Fr. Swami Rest In Peace, Pray for us",2021-07-06T08:23:36Z,0.492,0.0,0.508,0.7003
What was Rahul Baba doing since his new partner Shiv Sena formed the Maharashtra government?,2021-07-06T08:25:05Z,0.0,0.0,1.0,0.0
"Wtf. NIA,CBI,SUPREME COURT,Election  commission are all the puppets of  modi and shah government. ğŸ¤”ğŸ¤”ğŸ¤”",2021-07-06T08:28:00Z,0.0,0.226,0.774,-0.5859
Good riddance ğŸ‘,2021-07-06T08:30:04Z,0.744,0.0,0.256,0.4404
Reberio shed his dirty tears when Catholic dies .Rabid Communal ...Julio,2021-07-06T08:38:50Z,0.0,0.348,0.652,-0.5859
RSS works extensively among tribal communities w/o converting them to any religion like Christianity/ Maoistsâ€¦,2021-07-06T08:40:30Z,0.152,0.0,0.848,0.3612
The most corrupt media fake channel antinational Rajdeep got 10crs to support antinational,2021-07-06T08:45:17Z,0.158,0.197,0.645,-0.1689
A wiseman once said.  Elect a clown and expect a circus,2021-07-06T08:55:57Z,0.0,0.0,1.0,0.0
"Very, very sad. Eternal rest grant unto Fr. Swan O Lord, and let perpetual light shine upon, may he rest in peace, amen.",2021-07-06T08:59:56Z,0.209,0.128,0.663,0.3245
"If nirav Modi, Choksi brothers, Vijay Mallya, Nithya Nanda, dawood to name a few, are living the life of gentleman what is meaning of our judicial custody why a man at 84 years old need to be done to death does citizens do not have aword of humanity sad touching, incident, brutality to the core, modijee kee accha din dikee hai ğŸ™ğŸ™",2021-07-06T09:01:22Z,0.0,0.162,0.838,-0.9001
What about palghar case plz bring fwd the truth....,2021-07-06T09:09:31Z,0.14,0.0,0.86,0.0772
"Wish if he had been punished for his alleged involvement. Anyway, thank God . There are many more. Our govt , administration &amp; Courts are too slow, nationalist Indians have hope from you, Our Supreme God only .",2021-07-06T09:10:10Z,0.339,0.064,0.597,0.8979
"In the  passing away,Fr.Stan  attained martyrdom of an unique kind<br>May his Soul RIP n find true Justice â™â™â™ in the heaven of freedom.Sad,the Jesuit Priest did not get Justice from the incompetant n corrupt Indian Judiciary",2021-07-06T09:13:18Z,0.301,0.0,0.699,0.9169
"Blessed are you ,when you are persecuted for righteousness&#39;s sake ,for great is your reward in Heaven &quot;...Mathew ,chapter 5 verse 10<br>But this is small consolation for the hundreds of believers ,who are reminded of a same kind horrendous crime in the past ,when Dr Graham Stains was burnt to death ,along with his two small sons as they lay sleeping in their car ,the then man in charge had said in reaction ,&quot; we should have conversation about conversion &quot;",2021-07-06T09:15:10Z,0.181,0.132,0.687,0.7096
Justice to father Stan,2021-07-06T09:20:39Z,0.531,0.0,0.469,0.5267
May His Soul Rest In Peace....Feel very sad to Be An Indian Citizen.,2021-07-06T09:29:21Z,0.0,0.22,0.78,-0.5256
ğŸ˜ğŸ˜ğŸ˜ğŸ˜ğŸ˜ğŸ˜ğŸ˜ğŸ˜ğŸ˜ğŸ˜ğŸ‡®ğŸ‡³,2021-07-06T09:33:28Z,0.0,0.0,1.0,0.0
May Fr Stan&#39;s soul RIP ğŸ™ğŸ™,2021-07-06T09:47:03Z,0.0,0.0,1.0,0.0
Rajdeep himself is a Cryto Christian...? He was silent on Plaghar Sadhu lynchings,2021-07-06T10:01:54Z,0.0,0.0,1.0,0.0
You cannot murder innocents to cover up your own crimes.<br>India is an ancient land which was known for mercy and forbearance. To hell with your facism.,2021-07-06T10:03:24Z,0.18,0.185,0.635,-0.0454
"So Amit Shah are you going to respond to this inhuman act done to an 84yrs old guy. Have little shame, god is watching.",2021-07-06T10:04:03Z,0.068,0.105,0.826,-0.2466
Murder,2021-07-06T10:08:52Z,0.0,1.0,0.0,-0.6908
Rest in peace dear father...<br>Shame on juridical system...,2021-07-06T10:20:31Z,0.504,0.0,0.496,0.7269
"Everything in the world will belong to them who do bad to you, but paradise is your father forgave us fatherğŸ™",2021-07-06T10:24:08Z,0.305,0.077,0.617,0.8248
He was a religious conversion artist. His whole life was one immersed in unlawful activities. He was seditious to the core. He wanted use the Indian Constitution to topple India  democracy. <br>His sad demise will be lamented by Leftists and Jihadis.,2021-07-06T10:27:42Z,0.0,0.181,0.819,-0.802
Stan Swamy was a crook of a priest hell bent on converting Adivasis and upsetting the Indian democracy,2021-07-06T10:29:58Z,0.0,0.355,0.645,-0.8271
God open your eyes to killing good  peole,2021-07-06T10:31:59Z,0.347,0.306,0.347,-0.1027
He has done enough mischief with the industrial scale conversion he contrived <br>He pretended to be a follower of Jesus Christ but he was a Maosit organising massacre of innocent civilians. <br>What kind of a Jusuit Preist was he?<br>A bit of a Diabolical Priest?,2021-07-06T10:33:53Z,0.08,0.04,0.879,0.4039
Many more antinational Maoists are languishing in various jails. If they are let out they will organise Maoist style massacres all over the place. <br>Better to keep them in jail for ever.,2021-07-06T10:38:33Z,0.0,0.0,1.0,0.0
Even bedridden Maoists are dangerous. <br>Better that they die in prisons,2021-07-06T10:39:29Z,0.0,0.438,0.562,-0.7906
The human rights are for law abiding citizens and not for seditious crooks and evangelical Christian Priests who exploit the innocence of the Adivasis .,2021-07-06T10:41:27Z,0.178,0.051,0.77,0.5358
Those who r muder no jail  but doing good work buting in jail and killing shameless india world is looking this,2021-07-06T10:42:16Z,0.126,0.352,0.522,-0.7876
This Caucasian guy is an imported seditious crook.<br>Harsh Mander is collecting crores of dollars from abroad and instigating Delihi riots. He should be in jail for a few decades at the very least. <br>Rebiro is all for mass Religous Conversion Rackets as he himself is a Fundamentalist Christian.,2021-07-06T10:45:52Z,0.0,0.12,0.88,-0.7184
Fr. Stan Swamy - A true hero. âœ¨âœ¨âœ¨âœ¨ğŸ™,2021-07-06T11:07:38Z,0.615,0.0,0.385,0.7506
Its really sad RIP Fr .,2021-07-06T11:12:12Z,0.0,0.459,0.541,-0.5256
Arnab is is not doing any story today on Stan semi,2021-07-06T11:13:21Z,0.0,0.0,1.0,0.0
Can Stans death be compared to the lynching of Palghar Sadhus? Were Palghar sadhus a threat to Congress? Was it taken up with the US ambassador?,2021-07-06T11:26:47Z,0.0,0.254,0.746,-0.8334
"The ridiculous point in chargesheet is -A leftist fomenting enmity between religions ğŸ™„. It&#39;s time the UAPA and other draconian or outdated laws itself are reviewed by Judiciary. Central Investigation agencies should be liberated from the political party government pressure.<br>           When we are ridiculing military installed government of Pakistan  and freedom denying dictatorial China at every opportunity, this sure is a slap on ourselves,,,ğŸ˜­!",2021-07-06T11:27:38Z,0.185,0.1,0.715,0.7592
"India is no more a democracy country, democracy is dead here... Dictatorship rules",2021-07-06T11:29:19Z,0.0,0.394,0.606,-0.7579
Packed panel.,2021-07-06T12:05:34Z,0.0,0.0,1.0,0.0
It&#39;s great lose for adivashi in Jharkhand.,2021-07-06T12:07:30Z,0.347,0.229,0.424,0.34
"May the soul of the annointed- the shepherd of God taking care of his folks, in the mercy of Christ Jesus rest in peace. Amen",2021-07-06T12:12:02Z,0.35,0.0,0.65,0.8834
"&quot;Even if he was, he was entitled to humane treatmemt&quot;",2021-07-06T12:12:47Z,0.189,0.0,0.811,0.2732
Very very sad. RIP fr. StanğŸ™,2021-07-06T12:13:26Z,0.0,0.423,0.577,-0.5678
"UAPA requires review, without doubt",2021-07-06T12:14:52Z,0.345,0.0,0.655,0.2755
Satish Maneshinde is a lawyer?,2021-07-06T12:17:47Z,0.0,0.0,1.0,0.0
"This is so sad Fr Stan Rip he has fought a winning battle ğŸ˜­ğŸ˜­,I cannot believe the government of India didn&#39;t give bail to this beautiful person this is harsh treatment.âœï¸âœï¸âœï¸âœï¸ğŸ˜­ğŸ˜­",2021-07-06T12:18:14Z,0.183,0.269,0.548,-0.4149
Observe Dreze doesn&#39;t deny associating with Maoists.,2021-07-06T12:20:50Z,0.0,0.286,0.714,-0.34
Jesus gives us his blood and fresh for us and he was crucified.ğŸ™ğŸ™,2021-07-06T12:21:08Z,0.161,0.0,0.839,0.3182
Rest in eternal peace Fr Stan âœï¸âœï¸âœï¸âœï¸,2021-07-06T12:21:44Z,0.368,0.0,0.632,0.5423
"Who needs to change India or Indian authorities in power ,all hindu are Indians or vice versa â—â‰ï¸ğŸ¤¦â€â™€ï¸ğŸ¤¦â€â™€ï¸ğŸ¤¦â€â™€ï¸ğŸ¤¦â€â™€ï¸ğŸ¤¦â€â™‚ï¸ğŸ¤¦â€â™‚ï¸ğŸ¤¦â€â™‚ï¸ğŸ¤·â€â™‚ï¸ğŸ¤·â€â™€ï¸",2021-07-06T12:27:51Z,0.0,0.0,1.0,0.0
Judgement by judges are not consistant with law or constitution. It quite earratic,2021-07-06T12:28:29Z,0.0,0.0,1.0,0.0
Why this kind of discussion was not done before,2021-07-06T12:34:33Z,0.0,0.0,1.0,0.0
No.vote.b.j.p.in.all.india.ğŸ‘ğŸ‘ğŸ‘ğŸ‘ğŸ‘ğŸ‘ğŸ‘ğŸ‘ğŸ‘ğŸ‘,2021-07-06T12:34:48Z,0.0,0.0,1.0,0.0
"Rajdeep, I would appreciate if you show the same kind of emotion and do programs on lakhs of people languishing in jails across India having been denied bail or have no access to legal help..... just because this is a high profile case don&#39;t try to project yourself as a champion of rights of the downtrodden. Definitely there was no reason bail couldn&#39;t be given here but so also lakhs of others..... if you talk of justice for one person that&#39;s being hypocritical",2021-07-06T12:50:24Z,0.13,0.099,0.77,0.431
Rape accused swamy Nithyananda is still free still in indian union.,2021-07-06T13:01:52Z,0.181,0.379,0.44,-0.5574
RIP...... indian Judiciary......,2021-07-06T13:07:03Z,0.0,0.0,1.0,0.0
God will Judge all these morons for their actions,2021-07-06T13:26:33Z,0.184,0.202,0.614,-0.0516
"State ,judiciary , police, hospital,  state and central govt vs Maoism ! HarHarMahadev",2021-07-06T14:15:06Z,0.0,0.0,1.0,0.0
It&#39;s a judicial killing by BJP RSS ideology and agendas brother.,2021-07-06T14:17:17Z,0.0,0.328,0.672,-0.6597
Murderer of  fundamental rights,2021-07-06T14:22:38Z,0.0,0.605,0.395,-0.6808
What about halting of development activities and conversions happenings at places,2021-07-06T14:28:32Z,0.0,0.0,1.0,0.0
"RIP ğŸ™ğŸ™ğŸ™, Sir. Your sacrifice will not go in waste. You are in the safe Hands of the Almighty. HE will neither forget nor forgive. The perpetrators will face retribution here not in some hell after death. HIS justice towards evil is cruel, brutal and unforgiving. No forgiveness for them as they knew what they did. Jai Mata Di ğŸ•‰ğŸ•‰ğŸ•‰ğŸ…ğŸ¦œğŸŒº",2021-07-06T14:29:33Z,0.229,0.217,0.554,-0.458
"Justice VR Krishna Iyer, Justice Sarkaria, Justice HR Khanna, Chief Justice YV Chandrachud and Justice MC Gupta........ Stalwarts and transformational.",2021-07-06T14:36:19Z,0.531,0.0,0.469,0.9517
That this happens in 2021 India is extremely distressing and dangerous and shameful.,2021-07-06T14:38:25Z,0.0,0.489,0.511,-0.861
"He was spreading hate by reminding<br>about acrroties 202 years ago .<br>If so he must also reming what Christian missionaries did with peaseants in GOA 250 years ago.<br>These people choose to be selective as main agenda is to Show Hinduism is against poors.<br>He died of old age complications",2021-07-06T14:42:04Z,0.0,0.132,0.868,-0.8074
Since so much interest in this injustice I wonder why no one took interest in Rajan Pillai who was jailedfor a crime not committed in India  and was not allowed to go to hospital.  At least father was hospitalised,2021-07-06T14:51:38Z,0.134,0.23,0.636,-0.5658
Totally In justice..May Fr. Stan Soul Rest In Eternal Peace ğŸ™ğŸ¼,2021-07-06T14:53:17Z,0.259,0.0,0.741,0.5423
May his soul rest in peace,2021-07-06T14:54:52Z,0.412,0.0,0.588,0.5423
May  your  soul rest in peace  father thank you  very much for your  wonderful  services.,2021-07-06T15:01:24Z,0.447,0.0,0.553,0.8658
"The only way to stop all this is, give up the mineral-rich lands to the Ambanis and Adanis. Bulldoze the local inhabitants and when all are dead and gone there will be nothing left to fight for or protect. Knowing our ingenious politicians, they may fight for the graves of the dead.",2021-07-06T15:21:17Z,0.107,0.2,0.693,-0.7925
This is proof we are a banana republic period,2021-07-06T15:42:16Z,0.0,0.0,1.0,0.0
Fr Swami was deliberately infected with covid by the authorities in jail  they murder him his blood is on BJP&#39;s head andğŸ§¤ . NIA is currupted institute. <br>We have tarrorist in the parlament.,2021-07-06T15:48:39Z,0.0,0.208,0.792,-0.836
It is applied for Arnab Goswami,2021-07-06T15:48:49Z,0.0,0.0,1.0,0.0
"Sad to note,d ones who work for upliftment of the downtrodden are persecuted but  ones who give out hate speeches to invite crowd are not even signalled out.  If bail was granted to Pragya Thakur n Babu Bajrangi on health grounds then why deny the same privilege to a 84 yr old citizen. Is it because they are a part of the ruling  party",2021-07-06T15:50:09Z,0.147,0.156,0.697,-0.1655
"Father you shall be remembered. Lord was with you.. U were fearless, humble and a great role model. Worked for poor people.",2021-07-06T15:52:17Z,0.258,0.114,0.627,0.5994
Aane wale samay me hum sub usi rudhiwadi takatoke gulam hone wale hai congratulations to all indians,2021-07-06T16:01:23Z,0.196,0.0,0.804,0.5994
Dats all wat happens to a martyr.. he live a Christian life ... enjoying in heaven ...,2021-07-06T16:04:18Z,0.34,0.0,0.66,0.7717
"Our Entire System is responsible for the innocent killing like this, the law only to help person like Arnab Goswami? Shame",2021-07-06T16:05:16Z,0.366,0.221,0.413,0.4404
What is the use of telecasting after death ??? Media was sleeping ğŸ˜´ when he was suffering in jail . Very sad ğŸ˜ <br>Murder of humanity ğŸ˜,2021-07-06T16:18:19Z,0.0,0.353,0.647,-0.8986
Laws are being abused and used to torture innocent civilians who support and help unprivileged and downtrodden human beings. Govt seem to be autocratic and courts remain blind and deaf.This injustice to an old priest bring shame to the country.May God forgive to the brutual rulers.,2021-07-06T16:21:35Z,0.185,0.258,0.556,-0.7717
Gareebon ke sath khara hone wale ko salaam,2021-07-06T16:28:08Z,0.0,0.0,1.0,0.0
Jinda hoon mai ya s8rf saansen chal rahi hai,2021-07-06T16:30:20Z,0.0,0.0,1.0,0.0
"<a href=""https://www.youtube.com/watch?v=cReuBv2a-Lo&amp;t=0m41s"">0:41</a> Killler looks",2021-07-06T16:32:03Z,0.0,0.0,1.0,0.0
What about our jawans who died fighting maoists. This guy was a sympathiser of maoism..... In the name of tribal welfare.,2021-07-06T16:36:33Z,0.0,0.253,0.747,-0.7269
FATHER HAS GONE TO THE GREAT GRAND FATHER!! RIP FUCKING FATHER!!,2021-07-06T16:48:56Z,0.479,0.0,0.521,0.8507
All the mourners should be booked under UAPA. One who supports UAPA activist should also be put under UPPA.,2021-07-06T16:56:48Z,0.112,0.126,0.762,-0.0772
This is murrder yah hatya hai,2021-07-06T17:03:38Z,0.0,0.0,1.0,0.0
Ironically UN n EU issue statement  when a Christian suffers..,2021-07-06T17:11:04Z,0.0,0.0,1.0,0.0
Shame to our judiciary,2021-07-06T17:12:45Z,0.0,0.508,0.492,-0.4767
For us he is a martyr,2021-07-06T17:15:02Z,0.0,0.0,1.0,0.0
Very sad ğŸ˜”,2021-07-06T17:18:25Z,0.0,0.772,0.228,-0.5256
Government and Judiciary â˜ ,2021-07-06T17:21:45Z,0.0,0.0,1.0,0.0
Soon this country will be destroyed by our elected leaders,2021-07-06T17:35:28Z,0.0,0.262,0.738,-0.4939
"Cold blooded judicial killing, we should be ashamed.",2021-07-06T17:45:35Z,0.0,0.556,0.444,-0.8176
"Bjp and Rss is converting india into a total totaletrian state,PowerÂ tends toÂ corrupt, and absoluteÂ power corruptsÂ absolutely.",2021-07-06T17:57:23Z,0.0,0.0,1.0,0.0
"Great shame for our country, an activist, an ailing senior citizen, a gentle man tagged terrorist and mercilessly killed by government and court.",2021-07-06T18:13:37Z,0.193,0.339,0.468,-0.743
"When the person no more, you talking about him, shame on you Mr Desai, when he still needs your help no one fight for him, now he doesn&#39;t needs your help, he is more happy in heaven.",2021-07-06T18:18:40Z,0.249,0.194,0.557,0.5936
Indian Democracy on Ventilator,2021-07-06T18:24:51Z,0.0,0.0,1.0,0.0
"Where is Justice???? Corrupt BJP Govt, Shame on Indian Judiciary system",2021-07-06T18:47:20Z,0.0,0.289,0.711,-0.6199
NIA action and allegations are preposterous. Even denying that Fr. Stan medical condition. Karma befall them....nothing else. So too the BJP of the RSS ModiShah.,2021-07-06T19:18:11Z,0.0,0.091,0.909,-0.34
"Where were these people when two Saints were killed in Palgarh in front of the police? Captured in video, the brutality still gives a shock. Judiciary denied bail based on evidence.",2021-07-06T19:21:37Z,0.0,0.35,0.65,-0.9325
Shame on NIA,2021-07-06T20:42:50Z,0.0,0.608,0.392,-0.4767
Another graham stain incident. Justice delayed justice denied.  Why court need summer vacation like schools.,2021-07-06T20:56:13Z,0.386,0.199,0.415,0.6705
Modi needs to be blamed. But when he has killed so many with covid 19 this one death is a pinch of salt to him. Modi will inform the press.N  o we are investigating the matter. But the matter is this Priest is dead and after a few days the country will come back its normal self. Modi knows this he has blood on his hands.,2021-07-06T21:27:30Z,0.029,0.248,0.722,-0.9694
He lived for the voiceless and died.. murdered by a petty state and civil society carried on.. Now india is in the same league as north korea.. Congratulations,2021-07-06T21:55:54Z,0.114,0.182,0.704,-0.3182
India has no hope for the distraught and the poorest of the poor. The BJP government is a traitor amd needs to be brought down â¬‡ï¸ğŸ”» very soon. It&#39;s taking our country towards the dustbin.,2021-07-06T22:28:27Z,0.065,0.28,0.655,-0.8591
"RIP Fr. Stan â™¥ï¸ğŸŒ·ğŸŒ·ğŸŒ·ğŸŒ·â™¥ï¸<br><br>You may have lost the battlefield with the humans but, with your good deeds you will be raised in to heaven. That&#39;s what Christianity teachings are. It&#39;s not with people but, with God is what we need. And, you have been clearly successful with it.  Praise the lord ğŸŒŸğŸ’«ğŸŒŸ",2021-07-06T22:32:05Z,0.341,0.048,0.611,0.9754
"SAD INDEED!ğŸ˜“ğŸ˜­ LORD HAVE MERCY ON HIS SOUL AND MAY PERPETUAL LIGHT SHINE UPON HIM. MAY GODS ANGELS PRESENT HIS BEAUTIFUL SOUL TO GOD THE MOST HIGHğŸ§šâ€â™€ï¸ğŸ§šâ€â™‚ï¸. MHSRIPP,ğŸ›âœï¸. We place those who are responsible for his suffering in the hands of Almighty God ğŸ™ğŸ™.",2021-07-07T00:52:25Z,0.259,0.117,0.624,0.8155
5u,2021-07-07T01:16:42Z,0.0,0.0,1.0,0.0
He is great warrior...but is death..... will pay for the consequences.,2021-07-07T01:30:11Z,0.283,0.097,0.621,0.5719
Great humanatarian ever seen in the history of india,2021-07-07T01:52:38Z,0.339,0.0,0.661,0.6249
Shameful and cowardly state of affairs in our country. Fr. Stan was hope for the tribals and adivasis  he worked with. Shame on the politicians who are supposed to take care of the under privileged. However all involved have lost the game. India is thrown in bad light across the world. Fr.Stan is gone to his rightful place I.e in heaven with God almighty.,2021-07-07T02:00:31Z,0.173,0.177,0.65,-0.0772
"Shame on the legal system, this is one case as usual no value for life in this country. The legal system failed again. The world is watching this dirty system we have.",2021-07-07T02:12:13Z,0.127,0.283,0.59,-0.8213
"Fr. Swamy, yo are a hero, brave Fr.worked tirelessly for the basic needs of the tribals. ğŸ‘ğŸ‘ğŸ‘Instead of appreciating and awarding  you our system jailed you and decline even your medical needs, so sad to hear it Fr.  Very sorry for the cruelty that they ill treated youğŸ¥²ğŸ¥². Rest In Peace Fr.Swamy",2021-07-07T02:13:06Z,0.224,0.213,0.563,0.2061
"Ultimate shame to the  leaders, and departments, of India. No humanity shown . Cursed is the government.",2021-07-07T02:19:03Z,0.0,0.275,0.725,-0.6486
Very sad. May Allah grand hin janat hereafter ğŸ¥²ğŸ¥²ğŸ¥²ğŸ¥² no word to express the level of cruelty the braved heart faced. RIP... SALUTE TO YOU SIR FOR YOUR BRAVERY,2021-07-07T02:22:17Z,0.232,0.224,0.543,0.0875
Modi and Amitshaw govt can only fight with vulnerable people. Evil act.,2021-07-07T02:25:58Z,0.0,0.497,0.503,-0.836
Everyone knows he&#39;s innocent ..the system itself knew this. They just misuse their power.,2021-07-07T02:51:51Z,0.156,0.0,0.844,0.34
Strict action should be taken who are misguiding and giving false information. Keep those people on radar who are supporting Stain like culprits.,2021-07-07T04:03:44Z,0.281,0.0,0.719,0.7783
"Rajdeep will ofcourse sympathise with terrorists. He was a member of banned terrorist organisation and had links with Naxals and Maoists. Hundreds of our Jawans have lost life because of Red Terror, but so called journalists like Rajdeep will provide intellectual cover to Red Terror. Shame!",2021-07-07T04:15:17Z,0.126,0.315,0.559,-0.8806
Stop conversions mafia <br><br>Stop conversions mafia using foreign funds <br><br>Stop conversions mafia control of European and USA visas and funds for journalists which makes them pliant <br><br>Pliant journalist and human rights activist funded by conversions mafia are overlooking how naxalite muscle power is used to control tribal areas and conversions activities are carried on in this areas<br>STOP CONVERSIONS OF HINDUS,2021-07-07T04:21:26Z,0.0,0.036,0.964,-0.296
"Pithhu Sirdesai - a paid agent of foreign funding working for leftists, Ford NGO and Qatar - Gaddhar .",2021-07-07T04:44:31Z,0.0,0.0,1.0,0.0
This guy was foreign funded Maoist killed many people . He died natural death at 85. Only sirdesai can speak good of him because both are paid by same foreign father!! Gaddhar,2021-07-07T04:46:21Z,0.123,0.286,0.591,-0.8475
That&#39;s what makes Fr Stan a hero while dying in custody. The state authorities had denied him oh his rights and treated him cruelly while in prison. This inhumane treatment of Fr Stan should be widely condemned  by all mankind in the strangest terms. Now the authorities  are satisfied because they had murdered Fr Stan. His crimes are fighting for the rights of underprivileged of the minorities. The world is watching.,2021-07-07T04:51:46Z,0.073,0.224,0.703,-0.9246
The chai man condoles an actor dying ....but for a priest who died because he was an obstruction to the rich died shame in the system it sucks no one bothered hands in blood ... history repeats itself,2021-07-07T05:18:45Z,0.071,0.34,0.589,-0.9136
Dear fr.stan you are a great hero may God grant your soul heavenly peace n reward .,2021-07-07T05:42:28Z,0.813,0.0,0.187,0.9779
This modi and sha destroyed our country,2021-07-07T05:58:15Z,0.0,0.348,0.652,-0.4939
Rest in peace Father and pray for us from heaven ğŸ™ğŸ™,2021-07-07T06:06:13Z,0.532,0.0,0.468,0.8442
He&#39;s a living saint on earth <br> May his soul rest in peace Amen,2021-07-07T06:29:34Z,0.226,0.0,0.774,0.5423
"Except India Today and some left lobby, nobody is bothering about the death of this 84 year old man&#39;s natural death. In India it has become a fashion that all terrorist and naxal supporters are suffixing their name  with human rights activist.",2021-07-07T06:34:35Z,0.117,0.272,0.612,-0.891
Bjp will pay the price for the murder of catholic priest. This gvt will never come back to power again.,2021-07-07T06:36:16Z,0.0,0.253,0.747,-0.7269
"Julio Rebeiro pls be honest with yourself, don&#39;t defend your favorites",2021-07-07T06:37:17Z,0.481,0.0,0.519,0.7506
When he&#39;s alive no help he got so he&#39;s dead now no point to talk about him he&#39;s in heaven he&#39;s safe in God&#39;s hands he dosen&#39;t need any justice now,2021-07-07T06:37:20Z,0.318,0.192,0.491,0.7115
"Look at SSR n Dishas case so much of genuine proofs n yet how the judiciary is taking forever to solve this case only coz they&#39;re favorites are involved, is this how our India is Today?",2021-07-07T06:41:54Z,0.126,0.0,0.874,0.5574
Julio if this judiciary disturbs your why on earth are you&#39;ll supporting rhea?,2021-07-07T06:44:28Z,0.173,0.173,0.655,0.0
Rest in piece ...shame on those bloddy authorities who are cause of his death......you are always in our prayer...,2021-07-07T07:06:57Z,0.0,0.0,1.0,0.0
84 yr old Fr Stan Swamy is gone. Is India safe now??ğŸ™,2021-07-07T07:11:36Z,0.229,0.0,0.771,0.504
"Here goes the Indian media again, barking on behalf of China. Please enlighten the charges he was arrested on and how serious they were. Ill health is no excuse for pardon.",2021-07-07T07:15:57Z,0.215,0.269,0.515,-0.3182
Yes why was supreme court silent why was there no enquiry ????,2021-07-07T07:18:35Z,0.393,0.119,0.488,0.7236
"Stanswamy got all Medical facility, which an ordinary Criminal in Custody never gets. Then why such hue&amp;Cry by the Indian presstitutes.",2021-07-07T07:59:17Z,0.0,0.145,0.855,-0.5267
Great News !! Virus kills another Virus. Anti India forces coming together to call this insect as some freedom fighter. Wake up Hindus ! dont fall for such cheap tricks by these libarandus..,2021-07-07T08:12:09Z,0.244,0.166,0.59,0.6679
He was an urban naxal just like dickdeep sardesai,2021-07-07T08:17:20Z,0.238,0.0,0.762,0.3612
âœŠğŸ”¥,2021-07-07T08:18:24Z,0.0,0.0,1.0,0.0
Father of rajdeep no more,2021-07-07T09:21:10Z,0.0,0.355,0.645,-0.296
Adivasi are always peace loving how they can them ..........,2021-07-07T09:21:37Z,0.481,0.0,0.519,0.8126
"What did the State gain by murdering Fr. Stan Swamy?Â <br><br><br>Â Â  Fr. Stan Swamy was a humanitarian and a man of God whom our government could not treat with humanity. He was not a part of the Bhima-Koregaon violence and had been arrested by the NIA (National Intelligence Agency) in a dubious case of the Elgar Parishad violence. He will live in our hearts as a hero, the brave dissenter who stood against the fascist Modi government at the cost of his life. Narendra Modi and Amit Shah have Fr. Stan Swamy&#39;s blood on their hands. The country will never forgive them. The death of Fr. Stan Swamy on July 5 will haunt the Indian judiciary forever. May his soul rest in peace.<br>Â Â  Fr. Stan Swamy wouldn&#39;t have survived for long. It was inevitable. His death was a murder and nothing else.<br>Â Â  But the prolonged torture Fr. Stan Swamy faced at his age and in his condition, even in the face of all the protests, was deliberately imposed by the State, and done so defiantly, blatantly, and openly to make a point and an example. It was premeditated. And it was bloody-minded malice baring its fangs from the highest level.<br>Â Â  But Stan Swamy&#39;s defiance was of an epic level. He stuck to his convictions to the very last. All the might and power of the State could not break an 84 year old man with so many ailments infected byÂ Â Â  Covid.<br>Â Â  He won in the end. And like Gladys Staines, the widow of the late Graham Staines who was burnt alive along with his two sons, I am sure he was true to his faith by forgiving his oppressors.<br>Â Â  What did the State achieve by murdering<br>Fr. Stan Swamy?",2021-07-07T09:29:21Z,0.116,0.131,0.753,-0.2123
Political pressure denied justice. failure of judiciary.,2021-07-07T09:47:01Z,0.23,0.568,0.203,-0.6124
Fr. Stan Swamy was targeted because he stood in the way of the persecution of the tribals. He was also working for communal harmony. That&#39;s where he became a nuisance for the government.<br>   Fr Stan died a martyr sacrificing his life in the battle against injustice.,2021-07-07T09:58:39Z,0.051,0.188,0.76,-0.802
An innocent&#39;s blood was shed on the cross when a  Herod and  a  Pilate became friends ! But He rose again from death. But where are the perpetrators now? They met their  ends!,2021-07-07T10:10:30Z,0.055,0.225,0.72,-0.8118
In this country India is there any respect for senior citizens of this country.he is not  ashram Babu.what harm he did for this country.he was fighting for justice to poor.shame on present BJP government,2021-07-07T11:24:46Z,0.223,0.06,0.717,0.7814
Achhe din....,2021-07-07T11:46:53Z,0.0,0.0,1.0,0.0
"ğŸ˜­ğŸ˜¥ğŸ˜¥ğŸ˜¥ğŸ˜¥ğŸ˜­ğŸ˜­ğŸ˜¥ğŸ˜­ğŸ˜­ğŸ˜­ğŸ˜­ğŸ˜­ğŸ˜­ğŸ˜­ğŸ˜­ğŸ˜­ğŸ˜­ğŸ˜­ğŸ˜­ğŸ˜­ğŸ˜­ğŸ˜­ğŸ˜­ğŸ˜­ğŸ˜­ğŸ˜­ğŸ˜­ 84 à¤•à¥‡ à¤¬à¥à¥à¥‡ à¤«à¤¾à¤¦à¤° à¤¸à¥à¤Ÿà¥‡à¤¨ à¤¸à¥à¤µà¤¾à¤®à¥€ à¤¸à¥‡ à¤¸à¤°à¤•à¤¾à¤° à¤¡à¤° à¤—à¤ˆ à¤•à¥à¤¯à¥‹à¤‚à¤•à¤¿ à¤¸à¤°à¤•à¤¾à¤° à¤•à¤¾ à¤†à¤¦à¤¿à¤µà¤¾à¤¸à¤¿à¤¯à¥‹à¤‚ à¤¸à¥‡  à¤œà¤², à¤œà¤‚à¤—à¤² ,à¤œà¤®à¥€à¤¨  à¤•à¥‹ à¤›à¥€à¤¨à¤¨à¥‡ à¤•à¥€ à¤•à¥‹à¤¶à¤¿à¤¶ à¤¨à¤¾à¤•à¤¾à¤® à¤°à¤¹à¥€, à¤µà¥‡  à¤†à¤¦à¤¿à¤µà¤¾à¤¸à¤¿à¤¯à¥‹à¤‚ à¤•à¤¾ à¤†à¤µà¤¾à¤œà¤¼ à¤¬à¤¨à¤•à¤° à¤–à¥œà¥‡ à¤¥à¥‡ à¥¤",2021-07-07T12:05:03Z,0.0,0.0,1.0,0.0
The country that let go people like VIJAY MALLYA and denies a sipper and repeated bail plea for a ailing 84 year man..WAKE UP INDIA!!! Injustice at its peak .,2021-07-07T12:14:15Z,0.074,0.218,0.708,-0.7074
"The bail was denied correctly, if a criminal is ill doesn&#39;t mean he should be given bail. He died his natural death and given all the treatment as per law.. there is nothing tragic, just a terrorist has died",2021-07-07T12:58:08Z,0.153,0.355,0.492,-0.9097
Yes he was indirectly murdered...,2021-07-07T13:20:34Z,0.403,0.0,0.597,0.4019
So they Finally Murdered a Noble social worker Who was working for the Poorest of the Poor of our country .<br>Rest in Peace Father ğŸ™ğŸ™ğŸ™,2021-07-07T13:32:25Z,0.177,0.306,0.517,-0.6969
Praying for Fr&#39;s soul. Rest in peace.,2021-07-07T13:37:15Z,0.545,0.0,0.455,0.7184
it was a well planned murder by Modi&#39;s BJP govt.,2021-07-07T14:16:24Z,0.152,0.341,0.507,-0.5574
As day is passing my believe in our government is going..shame on the government.he was so sick n no one fought for himm...shame shame shame..keep doin things lyk this now not only corona worst thn corona wil com n punish,2021-07-07T15:03:44Z,0.065,0.305,0.63,-0.9047
Pray for beautification of stanswammy as saint iof spiritual and corporal works of mercy.,2021-07-07T15:25:50Z,0.412,0.0,0.588,0.7717
Modi will be treated like this one day,2021-07-07T15:38:31Z,0.263,0.0,0.737,0.3612
à¤šà¥à¤¤à¤¿à¤“ à¤•à¥€ à¤®à¤£à¥à¤¡à¤²à¥€ ğŸ˜„ğŸ˜„ğŸ˜„ğŸ˜­<br>à¤•à¤¹à¥‚ à¤¤à¥‹ à¤°à¥à¤®à¤¾à¤² à¤¦à¥‡ à¤¦à¥‚ğŸ˜­ğŸ˜­ğŸ˜­ğŸ˜­,2021-07-07T16:05:24Z,0.0,0.0,1.0,0.0
Rev Stan Swamy forgive us as Indians for barbaric inhuman treatment you gone through We as a nation are ashamed of our governmentâ€™s handling of your case<br>We are very saddened of your demise in such a helpless way.,2021-07-07T16:07:53Z,0.048,0.223,0.729,-0.8268
"Mani polititian after so many murdered and done  against law, still roming free years. Shame shame  on India law....",2021-07-07T16:59:36Z,0.113,0.373,0.514,-0.8214
Trust the govt not these missionaries. They will have ulterior motives,2021-07-07T17:00:03Z,0.248,0.0,0.752,0.5106
"Fr. Stan Swamy , for sure , is in heaven. Is there any scope for investigation journalism into other Stan Swamies (helpless poor jarkhand adivasis) in jail.",2021-07-07T17:13:51Z,0.182,0.101,0.717,0.3612
"Respect to the Man,total empathy  towards him and family,but the Law of the land has to be respected,you can&#39;t encourage people who are waging a war against the country,Fr Stan Swamy was supporting the Urban Moist,what about or recent CRPF young men who were murdured by the Moist,no human rights to these guys who are defending the state.",2021-07-07T18:21:46Z,0.14,0.059,0.801,0.6597
"We can&#39;t have different Laws and yardstick of different people,am sorry",2021-07-07T18:22:39Z,0.0,0.115,0.885,-0.0772
"Court hasn&#39;t granted bail to him,then definitely they must have found his involvement,he must be fighting for the cause of the tribals,but you can&#39;t encourage or wage a war against  the country,if everyone starts doing it,what will be the situation,just imagine",2021-07-07T18:26:05Z,0.162,0.13,0.709,0.1531
"Very sorrowful act for a  person of 84 years, to undergo imprisonment and denied bail, it is very hurting on human grounds,that we Indians suffer at this age, such cruelty, so much injustice. Whereas those who have to undergo such treatment, are just left free. Why such cruel treatment for innocent  person at such an age of 84 years, suffers, why this injustice?",2021-07-07T19:13:35Z,0.065,0.358,0.577,-0.9797
Bless u sirs for standing up for this martyr. May ur tribe increase,2021-07-07T20:03:29Z,0.338,0.0,0.662,0.6249
"Even if the whole world becomes christian, what is going to happen? A loud hallelujah. That&#39;s all.  Why suffer so much!!!",2021-07-07T21:03:24Z,0.185,0.133,0.682,0.3348
Shame on  modi&#39;s government ğŸ‘this is not a democracy country anymore humanity is death in this country ....ğŸ˜¡ğŸ˜¡ğŸ˜¡,2021-07-07T21:20:20Z,0.0,0.318,0.682,-0.7906
Rajdeep Sardesai you don&#39;t know that STAN was involved in plan to kill our PM. Why you are always stands for anti-nationals,2021-07-07T21:53:43Z,0.0,0.183,0.817,-0.6908
See we have already witnessed 1 casualty due to the way Fr Stan Swamy was treated in the axing of the law minister. Wait and watch there will be more casualties if the ones responsible do not ask for forgiveness as the wrath of the almighty is un thinkable,2021-07-07T22:24:34Z,0.044,0.099,0.857,-0.443
I was watching the live telecast of the funeral service of Fr Stan Swamy it was so touching and he lÃ²oked so peaceful in death and I am sure he forgave all those who deprived him of a decent and dignified human life,2021-07-07T22:27:54Z,0.219,0.178,0.602,0.3077
No wonder we have issues with the UN and other human rights groups around the world,2021-07-07T22:29:43Z,0.0,0.128,0.872,-0.296
Rip,2021-07-08T00:34:15Z,0.0,0.0,1.0,0.0
"father stan murder happened same as Birsa munda , both are trible leader. of jharkhand..",2021-07-08T00:50:22Z,0.0,0.266,0.734,-0.6908
"LORD Jesus Christ please forgive all the wrong words and deeds of the Evil people&#39;s towards Fr Stan Swamy  .  Respected, Fr.  Your holy soul will surely rest in peace Amen Rest in peace Fr. Amen",2021-07-08T02:09:00Z,0.335,0.145,0.52,0.836
May God bless all those brains behind the attrosities ...may his soul rest in peace...,2021-07-08T03:43:26Z,0.274,0.0,0.726,0.5994
"SC, HC, BJP, Modi &amp; co all are having blood all over their body. Democracy is dead, RIP.",2021-07-08T04:04:18Z,0.0,0.202,0.798,-0.6486
All agencies involved in Father S.Swamy case was unilaterally clubbed into one issue that was not to be be given bail even if died in custody. Govt machineries have been mooted to  punish those people helping Adivasis and tribals upliftment. Dirty politics. We pray for Father S.Swamy to give him RIP.,2021-07-08T04:28:12Z,0.075,0.164,0.762,-0.7506
ğŸ‘‰ğŸ‘‰MURDER BY CRIMINAL BACKGROUNDED MODI AND SHAWğŸ‘ˆğŸ‘ˆ,2021-07-08T05:32:55Z,0.0,0.362,0.638,-0.5267
"I belive this man is a Saint , a modern day martyr and has suffered at the hands of the  Central Governments .  The greatest embarrassment for the govt should be that he declared thr patron saint of India",2021-07-08T08:00:23Z,0.102,0.148,0.751,-0.2263
"I belive this man is a Saint , a modern day martyr and has suffered at the hands of the  Central Governments .  The greatest embarrassment for the govt should be that he declared thr patron saint of India",2021-07-08T08:00:28Z,0.102,0.148,0.751,-0.2263
ğŸ˜ğŸ˜ğŸ˜,2021-07-08T08:06:33Z,0.0,0.0,1.0,0.0
He was a real hero of adiwasi may his soul rest in peace,2021-07-08T08:13:17Z,0.415,0.0,0.585,0.7964
"Taloja jail is very near to heaven, only a walkable distance, with slow paces he reached there. Is there anybody who doubts it?",2021-07-08T08:29:22Z,0.19,0.084,0.726,0.4144
"Very very,sad news.",2021-07-08T09:21:51Z,0.0,0.0,1.0,0.0
Lord you know everything.  We leave  it in your hands. Because  you r the real judge  of this world.,2021-07-08T09:26:12Z,0.0,0.066,0.934,-0.0516
"The &quot; murder&quot;of FrSwamy has come as a severe disgraceful blow on the faces of the idiotic rulers , particularly the  Indian judiciary should hide themselves in shame. They simply boast that our legal system is intact to ensure that even 1000 criminals may escape but not a single innocent will be punished as per our law. Did this concept save Fr Swamy from torture &amp; disgrace.? He actually suffered more than what a deadly confirmed criminal would have, even before the trial started. Where is  justice ??? By this time all our legal luminaries &amp; human rights activists should have come to the streets to raise voices which will be abundantly supported by common people.",2021-07-08T09:35:07Z,0.134,0.218,0.648,-0.935
The innocent&#39;s blood is on this central government,2021-07-08T10:15:29Z,0.0,0.0,1.0,0.0
Due to Police &amp; Judiciary negligence he ( 84 years old priest ) lost his life .  Many more languishing in jail without any trial .,2021-07-08T10:51:26Z,0.0,0.099,0.901,-0.3182
Father you&#39;ll be remembered always â¤ï¸,2021-07-08T11:17:30Z,0.0,0.0,1.0,0.0
"so in short he was a totally innocent and saintly person  had nothing to do with training tribals to take up arms against the government? you&#39;re 100% sure is it?? its all a frame-up of an innocent man, wow!",2021-07-08T11:24:13Z,0.272,0.0,0.728,0.9065
"by the way, was it not the congress govemrn ment in charge of the jails and his custody? and what about the court finding legitimate grounds to refuse him bail? the court is lying too - all part of the big conspiracy !",2021-07-08T11:26:20Z,0.0,0.203,0.797,-0.8642
Rest in Peace Father.... Karma will pay its price,2021-07-08T11:45:51Z,0.294,0.118,0.588,0.4767
So this is what the government is doing?? Terribe it&#39;s how they are killing the truth,2021-07-08T12:13:41Z,0.109,0.226,0.665,-0.5362
May your soul rest in peace  Fr. ğŸ™ğŸ™ğŸ™ğŸ’ğŸ˜¥ğŸ˜©ğŸ˜©ğŸ˜¥ğŸ™,2021-07-08T13:09:49Z,0.333,0.0,0.667,0.5423
Sad that we didnâ€™t unite to save this noble soul. No unity in our diversity.,2021-07-08T14:07:24Z,0.291,0.23,0.478,0.34
Seeking spelling mistake,2021-07-08T14:20:18Z,0.0,0.545,0.455,-0.34
WHEN YOU HAVE GIVEN YOUR LIFE TO GOD WHY GET INVOLVE  WITH ANTI NATIONALIST??,2021-07-08T14:23:07Z,0.125,0.159,0.716,-0.1431
Indian judiciary n bureaucrats are mishandling the laws...,2021-07-08T14:39:37Z,0.0,0.0,1.0,0.0
Nation-wide protest is need to be observed,2021-07-08T14:41:33Z,0.0,0.25,0.75,-0.25
"O God O God,O God",2021-07-08T14:52:29Z,0.808,0.0,0.192,0.4939
JESUITS SHOULD NOT GET INVOLVED. AS JESUS SAID GIVE TO GOD WHAT IS HIS AND TO CEASAR WHAT IS HIS .,2021-07-08T14:57:09Z,0.1,0.0,0.9,0.2732
All those involved in arresting and imprisoning and denying bail to unjustly accused father Stan Swamy will one day have to face the True Justice of His Lord and Master.,2021-07-08T16:43:58Z,0.168,0.125,0.707,0.3818
Shameful!! Even a criminal is not given such treatment..... Even Kasab was given good treatment in prison!!!,2021-07-08T17:21:57Z,0.112,0.426,0.462,-0.8469
Rajdeep Sardesai I&#39;m glad your soul didn&#39;t get sold out this time as it had happened in SSR case earlier.May God enlighten you and give you the courage to speak for truth and justice. GOD BLESS!,2021-07-08T17:25:51Z,0.461,0.0,0.539,0.9718
IF THEY COULD KILL JESUS WHY NOT ANY OTHER INNOCENT MAN??,2021-07-08T18:21:46Z,0.0,0.441,0.559,-0.7962
Kya Stens Swami Rajdip Sardesai ke father they? RIP!!!!!!!!!!!,2021-07-08T22:32:38Z,0.0,0.0,1.0,0.0
"When Rajdip has said that evidence against him was very sketchy, then Judiciary  should have given Stens bail.",2021-07-08T22:37:56Z,0.0,0.0,1.0,0.0
Pray our Martyr Fr James Kottayil SJ Nawatnr Parish Ranchi Dioeces 16 th July 1967. St John the Baptist Church Thuruthipally pala Dioeces Kerala India,2021-07-09T02:45:12Z,0.087,0.0,0.913,0.3182
"Thank you India Today channel for bringing the true news for the people of the nation, the injustice done to fr Stan swamy by the authorities responsible.  But Wion channel gives wrong news by saying he was provided with all the facilities. Thank you once again for opening the eyes of the people by giving true news and not getting scared of the powerful who demolished democracy of this country.",2021-07-09T04:47:46Z,0.25,0.073,0.677,0.9282
"The three leaders gone to relax. The social worker for poor who sacrificed his life without marriage, luxury or any wages was brutally murdered by NIA and judiciary instead of shrining with President medals.Did Modi closed his ears and eyes or just satisfied to his thirst. Who will be fixed and punished.",2021-07-09T07:41:52Z,0.086,0.219,0.695,-0.8689
Racism and communalism in this country its still exist,2021-07-09T07:54:16Z,0.0,0.339,0.661,-0.6249
Nomadic treatment to Fr stan swamy ğŸ’ğŸ’ğŸ•ğŸ–ğŸ‘‹!!!â€™,2021-07-09T07:58:40Z,0.0,0.0,1.0,0.0
Shame on the Indian judiciary for killing an innocent man. The people responsible for Fr. Stan Swamy&#39;s death will burn in hell and will be surrounded by demons. They will cry but nobody will hear them. Such will be their punishment.,2021-07-09T08:00:36Z,0.064,0.31,0.626,-0.9186
Rest in peace father,2021-07-09T09:52:28Z,0.538,0.0,0.462,0.5423
"Don&#39;t telecast after death, he was murdered like other UPA prisoners",2021-07-09T10:08:57Z,0.118,0.55,0.332,-0.8779
"It&#39;s inviting a curse, they will pay the price",2021-07-09T10:11:54Z,0.189,0.402,0.41,-0.3818
"As long as Narendra Modi is the PM of the country, Christians are not safe.",2021-07-09T13:44:52Z,0.0,0.147,0.853,-0.3412
Our country people provide biriany to people who have been killed so many people but not providing single sipper to good human being ( stan Swamy). à¤•à¤¿à¤¤à¤¨à¥‡ à¤µà¤¿à¤°à¥‹à¤§à¤¾à¤­à¤¾à¤¸ à¤¹à¥ˆ,2021-07-09T15:11:35Z,0.118,0.084,0.798,0.2732
Gandhi. 2 died,2021-07-09T17:31:53Z,0.0,0.783,0.217,-0.5574
Gandhi. 2 died,2021-07-09T17:32:03Z,0.0,0.783,0.217,-0.5574
"BJP is playing big game in India, court is working for BJP",2021-07-09T17:37:03Z,0.141,0.0,0.859,0.2023
Mind Begs the Question:<br>A Govt - building Concentration Camps<br>A Parliament - approving Totalitarian Laws<br>What conditions need met<br>To establish a PM/Govt is Fascist/Nazi?,2021-07-09T17:40:41Z,0.0,0.147,0.853,-0.4767
"Mind Begs the Question:<br>Hitler = Govts can be Sinister &amp; Terrorists<br>Power - can Corrupt<br>Must be more watchful of - People,Govt?",2021-07-09T17:46:03Z,0.0,0.196,0.804,-0.5994
"No use of speaking Now, all Christians and many other people know that this was a murder by this government and injustice done to this Holy priest. <br><br>Salute to Father Stan,  may his soul rest in peace.",2021-07-09T18:26:39Z,0.076,0.23,0.694,-0.7964
"Congrats Mr. Rajdeep, well come back to democracy. Good presentation at least after death of Human Rights, Democracy &amp; Mr. Stan Swamy!! Thanks.",2021-07-09T18:51:05Z,0.352,0.115,0.533,0.7896
Thanks to NDTV for covering up this issue. Although the damages has been done already. No other channel is even interested,2021-07-09T19:34:59Z,0.202,0.184,0.614,0.128
"A hero to some, but a doctor diagnosed him as  TRAITOR ; how inhuman and immmature",2021-07-10T04:08:27Z,0.161,0.0,0.839,0.3182
"What happened to our country?<br>What happened to our judiciary?<br>The country&#39;s rulers,police , civil authorities all have failed .Why ?<br>God save this Nation .",2021-07-10T05:56:02Z,0.123,0.147,0.73,-0.163
"Rajdeep, your question of whether this is a state sponsored MURDER, it is Absolutely cause Narendra Modi doesnt like critics and opposers to his idiotic policies.",2021-07-10T08:24:07Z,0.055,0.327,0.617,-0.8822
You Media people are not standing for the justice that is why ft Stan Swamy is assassinated,2021-07-10T08:27:15Z,0.175,0.0,0.825,0.5267
"Fr Stand , he was kind hearted parson, his soul will rich to heaven. May God grand eternel peace Amen.",2021-07-10T08:33:24Z,0.592,0.0,0.408,0.9578
"Those who judge wrongly,God is there to judge them.",2021-07-10T08:35:22Z,0.0,0.0,1.0,0.0
"I donâ€™t know the background of this case, but itâ€™s shame on the government who accused this old man on terrorism charges and prisoned him without giving basic madical requirement. Shame on MODI!",2021-07-10T09:49:50Z,0.0,0.469,0.531,-0.975
God will punish BJP politicians,2021-07-10T13:04:35Z,0.247,0.4,0.353,-0.3182
"We should work towards beatification of late Father Stan Swamy so that finally Sainthood may be bestowed on him, as &quot;Saint of Tribals &amp; Against Government Atrocities &#39;!",2021-07-10T15:14:37Z,0.0,0.0,1.0,0.0
We support fr swamy,2021-07-10T17:45:42Z,0.474,0.0,0.526,0.4019
RIP father.<br>Thank you for all you did for the poor of our country.<br><br>May more humans like you be born.,2021-07-10T23:14:21Z,0.121,0.135,0.743,-0.0828
Abe ye Esai tribal activist kaisa? Tribal se Eska kya samband? Deshke logonko chutya banana band karo.,2021-07-11T07:42:01Z,0.0,0.0,1.0,0.0
Why are you speaking now you had no voice when he was alive,2021-07-11T08:18:28Z,0.165,0.139,0.696,0.1027
I always thought I am living a great country where the democratic values are upheld...,2021-07-11T17:24:06Z,0.405,0.0,0.595,0.7783
Sirdesai must ask - why this foreigner is involved with 84 yrs for 15-20 years? What was he promoting - financing what ? Why he should be in India with foreign funding Maoist/ communist/ naxalite/ conversion / divisive politics. One sided story doesnot make a neutral channel .,2021-07-11T19:52:04Z,0.065,0.0,0.935,0.4329
All crocodile tears. If you cared so much why were you quiet during Palghar Sadhu. Only conversion money speaks.,2021-07-12T06:13:56Z,0.129,0.088,0.783,0.2263
vaise pehle vetican se pooch ker peta kero ki kya ek vyakti ek saath swaami aur father rehsekta hai kya......agar veh mana kerere to case ko bend ker do vestige to time and money of indian citizen.....religious fraudulent...nothing else...,2021-07-12T10:55:22Z,0.0,0.0,1.0,0.0
Bjp chutia hii,2021-07-13T16:56:49Z,0.0,0.0,1.0,0.0
Deeply pained .. the way this old man being killed / treated at his last days ..,2021-07-13T21:43:12Z,0.0,0.352,0.648,-0.8221
"Those who stand by people will be treated like this in our countryy, He requested one sipper bottle and the court took more than 30 days to give him, what a beautyfull system yarr",2021-07-14T14:07:07Z,0.072,0.0,0.928,0.3612
Every good work repaid as evil will be given back in full. Every one has to give an account on earth as well as eternally.....,2021-07-14T16:28:21Z,0.159,0.14,0.701,-0.1027
Those who are weak only can do such a thing. No capacity to say good for good,2021-07-14T16:31:13Z,0.253,0.223,0.524,0.1779
"More worried for the indigenous people and there children,who are looted and thrown away in cities ,to work as toilet cleaners in corporates ,Or do sewage work.<br>How can they cope up with this wicked educated world ğŸ˜­ğŸ˜­ğŸ˜­",2021-07-15T07:00:33Z,0.0,0.156,0.844,-0.7574
"This is not about Fr Stan Swamy or his death, this about lands acquired by rich corporations, Ambanis, taking over the country, the tribals had nothing no education , no food, they only depend on MOTHER NATURE, very sad. Lashwadeep is being destroyed by BJP government.",2021-07-16T01:07:34Z,0.13,0.185,0.686,-0.627
Ab khali bolke kya hoga tab koi nahi aaya unki madat ke liye Desai ne suddha kadhi ha prashna uchhala hota ka ata boltoy,2021-07-16T07:24:10Z,0.094,0.0,0.906,0.34
ğŸ™ğŸ™ğŸ™,2021-07-17T05:45:47Z,0.0,0.0,1.0,0.0
This news is bullshit <br>Father was burtally torched in the jail,2021-07-18T12:21:34Z,0.0,0.275,0.725,-0.5859
I hate the hell bjp,2021-07-18T16:23:47Z,0.0,0.806,0.194,-0.8519
We need justice for Fr.stan&#39;s death.where is humanity.almost he is vey old and how these police people tortured him unethical?,2021-07-19T05:42:59Z,0.125,0.253,0.623,-0.5423
Rip ğŸ’”,2021-07-20T12:54:57Z,0.0,0.0,1.0,0.0
"<a href=""https://www.youtube.com/watch?v=cReuBv2a-Lo&amp;t=1m21s"">1:21</a>...he requested for the need of a straw to drink water, and Court took 4 weeks to grant......and there are jail inmates who manage to get mobiles &amp; pistols to plot and execute murders while.sitting in jail.......woow, what a judiciary &amp; jail system !!",2021-07-22T03:05:28Z,0.0,0.101,0.899,-0.6792
India is great n its shining<br>Heartless dirty fellows n system killed an innocent man. May u RIP oh Fr. Stan Swamy.,2021-07-27T08:52:48Z,0.233,0.265,0.502,-0.2263
Rip fr stan swamy,2021-07-27T18:01:37Z,0.0,0.0,1.0,0.0
