,Reply,sentiment
0,"['educate', 'rich', 'indian', 'want', 'settle', 'america', 'canada', 'australia', 'european', 'country']",0.5994
1,"['surely', 'train', 'tribals', 'take', 'arm', 'sure', 'please', 'tell', 'u', 'connect', 'elghar', 'parishad', 'plot', 'kill', 'pm']",0.2023
2,"['christianwe', 'become', 'christ', 'like']",0.3612
3,"['mathias', 'dear', 'mathias', 'carbon', 'copy', 'u', 'believe', 'god', 'create', 'christ', 'need', 'create', 'mathias', 'thats', 'fine', 'nature', 'cheer', 'fellow']",0.9001
4,"['truth', 'seeker', 'important', 'point', 'everything', 'god', 'need', 'cheer', 'live', 'water', 'give', 'christ']",0.8176
5,"['accord', 'bring', 'case', 'trial', 'achieve', 'keep', 'jail', 'neither', 'bail', 'trial', 'except', 'bad', 'publicity', 'international', 'press']",-0.5423
6,"['think', 'leave', 'india']",-0.0516
7,"['frstan', 'real', 'hero', 'adivasi', 'always', 'remember', 'among', 'adivasi']",0.5574
8,"['live', 'saint', 'also', 'dead', 'rice', 'bag', 'confuse']",-0.7351
9,"['convertionconvertionis', 'main', 'aim', 'police', 'officer', 'good', 'record', 'indian', 'bear', 'community', 'tolerate', 'loose', 'talk', 'crook', 'anchor', 'unless', 'indian', 'bear', 'community', 'wake', 'criminal', 'pretend', 'innocent', 'saradesai', 'mischief', 'republic', 'day', 'show', 'anti', 'national', 'color']",-0.6808
10,"['u', 'guy', 'two', 'innocent', 'saint', 'lynch', 'phalgarconversions', 'anti', 'national', 'activity', 'state', 'tolerate']",0.0258
11,"['remember', 'dispensation', 'control', 'vatican', 'journalist', 'like', 'guy', 'merit', 'congress', 'agent', 'bark', 'modiji', 'whenever', 'get', 'chance', 'make', 'difference']",0.743
12,"['gobar', 'bhakt', 'allegation', 'prove', 'fight', 'right', 'exploit', 'vulnerable', 'section', 'society', 'never', 'bow', 'greedy', 'corporates', 'govt', 'hero']",0.1685
13,"['foolwe', 'support', 'truehes', 'chowkidar']",0.4019
14,"['right', 'think', 'people', 'know', 'recognise', 'truth', 'mr', 'pant', 'comment', 'hold', 'value']",0.5719
15,"['india', 'today', 'leave', 'lobby', 'call', 'human', 'right', 'activist', 'sadhu', 'lynch', 'palghar', 'human', 'be']",-0.0258
16,"['feel', 'get', 'lose']",-0.4019
17,"['death', 'murder']",-0.8625
18,"['manmath', 'singhdeo']",0.0
19,['humanity'],0.0
20,"['manmath', 'singhdeo', 'say', 'slave']",0.0
21,"['death', 'murder']",-0.8625
22,"['yes', 'bjp', 'currupt', 'govt', 'want', 'hide', 'mistake', 'like', 'remain', 'long', 'god', 'show', 'right', 'way', 'amp', 'right', 'punishment', 'soon']",0.0772
23,"['chinnappa', 'joseph', 'say', 'quotborn', 'sinnersquot']",0.0
24,"['look', 'real', 'matter', 'humanity', 'christian', 'govt', 'happen', 'religious', 'persontotal', 'injustice']",-0.5574
25,"['first', 'change', 'indian', 'constitution', 'make', 'india', 'fascist', 'country', 'like', 'taliban', 'put', 'everyone', 'bar', 'oppose', 'government']",-0.2732
26,"['really', 'u', 'wher', 'sleep', 'fr', 'rip', 'miss', 'u', 'fr']",-0.1531
27,"['trust', 'govt', 'missionary', 'ulterior', 'motif']",0.5106
28,"['yes', 'india', 'judiciary', 'keep', 'eye', 'close', 'see', 'section', 'act', 'witch', 'operate', 'head', 'political', 'authority', 'run', 'government']",0.128
29,"['fool', 'admit', 'hospital', 'last', 'month', 'jail']",-0.2732
30,"['dipesh', 'kumar', 'roll', 'aba', 'gobar', 'admit', 'jail', 'apply', 'bail', 'n', 'reject', 'honorable', 'court']",0.3818
31,"['alvanor', 'elf', 'trust', 'stupid', 'comment']",-0.0258
32,"['gain', 'trp']",0.5267
33,"['alvanor', 'elf', 'missionary', 'work', 'government', 'real', 'hero', 'stop', 'r', 'send', 'jail', 'help', 'u', 'much', 'covid', 'wave', 'one', 'help', 'u', 'government', 'also', 'missionary', 'help', 'jharkh']",0.8591
34,"['adarsh', 'missionary', 'matter', 'wt', 'motive', 'pure', 'evil', 'govt', 'matter', 'responsibility', 'govt', 'reflection', 'society', 'take', 'responsibility', 'become', 'see']",-0.6369
35,"['foreign', 'fund', 'white', 'guy', 'associate', 'stan', 'yr', 'india', 'promote', 'one', 'side', 'story', 'victim', 'card', 'fashion']",0.128
36,"['dipesh', 'kumar', 'roll', 'lately']",0.0
37,"['year', 'old', 'die', 'due', 'corona', 'issue']",-0.5994
38,"['shamsuddin', 'hanthiyar', 'need', 'bail']",0.0
39,"['adarsh', 'christian', 'help', 'never', 'free']",-0.0005
40,"['learn', 'truth', 'first', 'gaddhar', 'kill', 'thousand', 'innocent', 'people']",-0.25
41,"['shri', 'peter', 'narayan', 'know', 'fact', 'first', 'reply', 'reply', 'sadful']",0.0
42,"['trust', 'govt', 'missionary', 'ulterior', 'motif']",0.5106
43,"['trust', 'govt', 'missionary', 'ulterior', 'motif']",0.5106
44,"['yeah', 'give', 'people', 'like', 'stan', 'swamy', 'access', 'tribal', 'area', 'convert', 'cryptos', 'create', 'conspiracy', 'destroy', 'nation']",-0.2732
45,"['akshay', 'g', 'okay', 'go', 'educate', 'poor', 'tribals', 'open', 'school', 'orphanage', 'like', 'christian', 'untouchable']",0.0772
46,"['relly', 'k', 'definitely', 'open', 'school', 'orphanage', 'convert', 'give', 'exchangei', 'jesus', 'soldier', 'show', 'fake', 'charity', 'conversion', 'fraudsters', 'destroy', 'bharat', 'name', 'conversion', 'fu']",-0.8807
47,"['akshay', 'g', 'lol', 'ignorant', 'school', 'open', 'force', 'conversion', 'many', 'hindu', 'muslim', 'friend', 'catholic', 'school', 'studiedthere', 'many', 'indian', 'army', 'le', 'patrioticaltho']",0.5994
48,"['yes', 'agree']",0.6369
49,"['planprayers', 'responsiblemay', 'realise', 'do', 'old', 'man', 'burden', 'heavy', 'doubt']",-0.6597
50,"['true', 'sir']",0.4215
51,"['r', 'save', 'must', 'convert']",0.4939
52,"['oh', 'shut', 'pleaseat', 'least', 'today', 'sake']",0.0
53,"['mean', 'police', 'maharastra', 'help', 'lynch', 'palghar', 'sadhu', 'decent']",0.4019
54,"['srinath', 'shrothrium', 'regular', 'viewer', 'republic', 'time']",0.0
55,"['police', 'maharastra', 'help', 'lynch', 'palghar', 'sadhu']",0.4019
56,"['people', 'change', 'sad']",-0.4767
57,"['mr', 'ignorance', 'peak', 'without', 'delve', 'reality']",-0.3612
58,"['community', 'take', 'care', 'innocent', 'adivasis', 'dalits', 'instead', 'trample', 'need', 'community', 'step', 'help']",0.8074
59,"['leave', 'paradiseasap']",-0.0516
60,['lol'],0.4215
61,"['father', 'swami', 'name', 'tell', 'lot', 'thing', 'chance', 'twist', 'man', 'trust', 'govt', 'missionary', 'ulterior', 'motif']",0.6486
62,"['alvanor', 'elf', 'u', 'seem', 'twist', 'judge', 'others', 'cheap', 'u']",0.0
63,"['guy', 'start', 'take', 'stand', 'terrorist', 'kitna', 'girroge']",-0.6908
64,"['btw', 'responsibility', 'prison', 'department', 'take', 'care', 'himwhich', 'come', 'state', 'govtmva', 'govt']",-0.0258
65,"['sindhoor', 'rai', 'dont', 'want', 'bring', 'little', 'creature', 'central', 'agency', 'like', 'nia', 'compromise', 'even', 'bother', 'state', 'machinery', 'ofcourse', 'blame', 'think', 'lowly', 'creature', 'even', 'bring', 'bl']",-0.0572
66,"['social', 'activist', 'work', 'upliftment', 'downtrodden', 'consider', 'terrorist', 'call', 'largest', 'democracy', 'mockery', 'democracy']",-0.7906
67,"['sindhoor', 'rai', 'cud', 'hv', 'send', 'nia', 'bollywood', 'mafiaswhy', 'theywere', 'kind', 'racket', 'exist', 'old', 'man', 'threat', 'disgust']",-0.5994
68,"['live', 'life', 'fund', 'naxals', 'convert', 'poor', 'tribals', 'vote', 'government', 'destroy', 'people', 'like', 'devil', 'swamy', 'stand', 'every', 'soldier', 'murder', 'naxalites', 'order', 'money', 'missionary', 'mafia', 'run', 'people', 'like', 'stan', 'swamy']",-0.9136
69,"['akshay', 'g', 'say', 'regard', 'bomaby', 'high', 'court', 'quothearing', 'posthumously', 'appeal', 'file', 'bylate', 'jesuit', 'priest', 'stan', 'swamyin', 'bhimakoregaonelgaar', 'parishad', 'case', 'monday', 'bombay', 'high', 'court', 'remark', 'tribal', 'right', 'activi']",0.0
70,"['ajay', 'choudhary', 'lol', 'entire', 'naxal', 'lobby', 'best', 'save', 'jesus', 'soldier', 'nothing', 'convert', 'poor', 'tribals', 'xtianity', 'come', 'choudhary', 'shamelessly', 'foolishly', 'defend', 'devil']",0.503
71,"['akshay', 'g', 'guess', 'didnt', 'get', 'view', 'mumbai', 'high', 'court', 'say', 'presume', 'better', 'people', 'institutionsunless', 'way', 'smarter', 'save', 'sanity', 'country']",0.8442
72,['amenn'],0.0
73,"['covid', 'come', 'punishment', 'whole', 'world', 'reject', 'gospel', 'jesus', 'persecution', 'follower', 'doubt']",-0.8126
74,"['lol', 'justice', 'define', 'naxalites', 'yeh']",0.7351
75,"['sanatani', 'first', 'consider', 'age', 'n', 'influence', 'state', 'feel', 'weak']",-0.4404
76,"['bravohow', 'low', 'culture', 'come']",-0.2732
77,"['bigot', 'timeline', 'come', 'support', 'maoist', 'thug']",0.4019
78,"['lord', 'say', 'sheep', 'meek', 'accept', 'faithi', 'sure', 'true', 'follower', 'lord']",0.7717
79,"['meek', 'whose', 'history', 'full', 'ethnic', 'cleanse', 'genocide', 'lol']",0.4215
80,"['wiseman', 'say', 'screw', 'kid', 'become', 'bishop']",-0.1027
81,"['sanatani', 'first', 'weaked', 'creature', 'heart', 'trouble']",-0.4019
82,"['bona', 'rodrigues', 'come', 'another', 'true', 'christian', 'belief', 'hindu', 'creature', 'pagan', 'get', 'hell', 'cult', 'sick', 'teach']",-0.7269
83,"['bona', 'rodrigues', 'whats', 'weaked', 'creature', 'miss', 'thats', 'happen', 'convert', 'piece', 'bread', 'bag', 'rice', 'alleluia', 'praise', 'laude']",0.4588
84,"['bona', 'rodrigues', 'say', 'quotborn', 'sinnerquot']",0.0
85,"['sanatani', 'first', 'quotmaoist', 'thug', 'quotcan', 'list', 'charge', 'prove', 'quotthug', 'quot', 'court', 'without', 'curse', 'abuse', 'anyone']",0.7366
86,"['wise', 'people', 'say', 'bjp', 'people', 'r', 'die', 'cancer']",-0.7351
87,"['jai', 'prakash', 'believe', 'screw', 'pm', 'become', 'clown']",-0.1027
88,"['sanatani', 'first', 'say', 'guy', 'vote', 'religious', 'extremist']",0.0
89,"['shomik', 'basuray', 'lol', 'thug', 'shout', 'slogan', 'court', 'afzal', 'guru', 'give', 'sentence', 'thug']",0.4767
90,"['sanatani', 'first', 'perhaps', 'comprehension', 'issuescould', 'please', 'address', 'question', 'ask']",0.3182
91,"['shomik', 'basuray', 'address', 'maybe', 'go', 'search', 'chargesheet', 'activity', 'also', 'look', 'youtube', 'video', 'socalled', 'human', 'right', 'activist', 'jihadis', 'maoist', 'nothing', 'secretive']",0.0
92,"['lata', 'raymond', 'kind', 'wisdom', 'quotborn', 'sinnersquot', 'utterly', 'disgust']",0.3832
93,"['lata', 'raymond', 'least', 'dont', 'lick', 'random', 'dvd', 'cure', 'cancer', 'rice', 'bag', 'shame', 'seem']",-0.8176
94,"['trust', 'govt', 'missionary', 'ulterior', 'motif']",0.5106
95,"['medium', 'waste', 'time', 'mischief', 'missionary']",-0.6486
96,"['alvanor', 'elf', 'im', 'christian', 'language', 'medias', 'modern', 'day', 'juda', 'know', 'backstabbing', 'luke', 'abrahamic', 'cult']",0.0
97,"['jai', 'prakash', 'see', 'rich', 'wisdom', 'india', 'realize', 'mischief', 'abrahamic', 'religion', 'r', 'try', 'play', 'bring', 'indian', 'native', 'religion', 'indian', 'wisdom', 'greater', 'anything', 'world']",0.9153
98,"['alvanor', 'elf', 'stop', 'go', 'catholic', 'country', 'missionary', 'rescue', 'rap', 'hindu', 'girl', 'country', 'cant', 'even', 'provide', 'justice', 'shame', 'govt']",-0.5826
99,"['jai', 'prakash', 'soon', 'u', 'lick', 'thing', 'ur', 'suppose']",0.0
100,"['lata', 'raymond', 'see', 'comment', 'many', 'place', 'seem', 'person', 'full', 'hate', 'venom', 'feel', 'sorry', 'christian', 'like', 'world']",-0.3612
101,"['ur', 'bear', 'sinner']",0.0
102,"['jai', 'prakash', 'evil', 'people', 'say', 'screw', 'saas', 'saas', 'bahu', 'serial', 'make', 'hrd', 'minister']",-0.7003
103,"['lata', 'raymond', 'speak', 'like', 'true', 'christian', 'hide', 'mean', 'vulgar', 'mindset', 'hope', 'mr', 'raymond', 'lick', 'like']",0.8402
104,"['lata', 'raymond', 'look', 'who', 'talk', 'follower', 'guy', 'bear', 'wedlock', 'short', 'illegitimate', 'offspring', 'alleluia']",0.0
105,"['sanatani', 'first', 'better', 'fact', 'check', 'innocent', 'even', 'trick', 'brand', 'moaist', 'jump', 'conclusion', 'stand', 'outcast', 'system', 'brand', 'lower', 'bir']",0.4404
106,"['g', 'anne', 'nithiya', 'lol', 'another', 'convert', 'stand', 'father', 'typically', 'monotheistic', 'supremacist', 'behave', 'check', 'fact', 'plenty', 'anybody', 'stand', 'naxalites', 'human', 'right', 'activistthese', 'ifs', 'thug', 'f']",0.5106
107,"['sanatani', 'first', 'naxalite', 'huhh', 'great', 'wisdom', 'sorry', 'name', 'give', 'u', 'right', 'brand', 'convert', 'great', 'heart', 'sorry', 'tamper', 'graciousness', 'long', 'live', 'dharma', 'reign']",0.9371
108,"['g', 'anne', 'nithiya', 'please', 'spare', 'heathen', 'abuse', 'every', 'sunday', 'perhaps', 'everyday', 'case', 'hindu', 'another', 'zimmi', 'hate', 'fact', 'prefer', 'virtue', 'signal', 'instead', 'go', 'take', 'hike']",-0.5859
109,"['another', 'elect', 'man', 'tell', 'criminal', 'let', 'go', 'habit']",-0.5267
110,"['indian', 'government', 'kill', 'people']",-0.6908
111,"['wish', 'majorityso', 'accept', 'go', 'country', 'feel', 'give', 'justice', 'per', 'wish']",0.886
112,"['make', 'saint']",0.0
113,"['shame', 'judiciary', 'n', 'democracy', 'country']",-0.4767
114,"['india', 'wealthy', 'n', 'politically', 'connect', 'powerful']",0.6486
115,"['gopal', 'sriniwasan', 'lol', 'another', 'dhimmi', 'naxalite', 'get', 'full', 'support', 'every', 'single', 'christian', 'leave', 'thug']",0.6486
116,"['sanatani', 'first', 'dumbo', 'naxalites', 'use', 'lotus', 'government', 'n', 'r', 'election', 'time', 'kill', 'soldier', 'country', 'patriotism', 'drama', 'n', 'put', 'blame', 'others']",-0.7964
117,"['bona', 'rodrigues']",0.0
118,"['xyz', 'abc', 'naxalites', 'teach', 'tribals', 'constitution', 'wow', 'dude', 'wow', 'somethingand', 'abuse', 'damn', 'man', 'must', 'yahweh', 'follower']",0.1779
119,"['bona', 'rodrigues', 'another', 'true', 'christian', 'show', 'true', 'color']",0.6808
120,['thank'],0.3612
121,"['see', 'thing', 'even', 'blind', 'people', 'see', 'thing', 'beyond', 'monochromatic', 'set', 'propaganda', 'even', 'healthy', 'eyesight']",-0.25
122,"['sirhe', 'also', 'fight', 'languish', 'jail', 'without', 'trialshame', 'judiciary']",-0.3818
123,['lol'],0.4215
124,"['probably', 'fake', 'account', 'get', 'lose', 'everyone', 'talk', 'state', 'dont', 'bring', 'religion']",-0.7003
125,"['bring', 'religion']",0.0
126,"['court', 'sleepingthe', 'judiciary', 'power', 'investigate', 'agency']",0.0
127,"['true', 'servant', 'jejus', 'relentlessly', 'work', 'heathen', 'hindu', 'wipe', 'evangelise', 'yeh']",0.4215
128,['fact'],0.0
129,"['lol', 'convert', 'christianity', 'every', 'heathen', 'go', 'hell', 'wonder', 'comment', 'christian', 'support', 'naxalite']",-0.0258
130,"['sanatani', 'first', 'shift', 'goal', 'post', 'per', 'convenience', 'call', 'activist', 'quothuman', 'rightsquot', 'applicable', 'sadhu', 'phalagar']",0.0
131,"['trust', 'govt', 'missionary', 'ulterior', 'motif', 'missionary', 'r', 'dark']",0.5106
132,"['alvanor', 'elf', 'exactly']",0.0
133,"['jagdish', 'kumar', 'govt', 'useless', 'cant', 'wvn', 'anything', 'rape', 'victim', 'counry', 'worst', 'state']",-0.6442
134,"['lata', 'raymond', 'talk', 'priest', 'involve', 'child', 'abuse', 'name', 'religiontalk', 'recent', 'kerala', 'incident', 'madras', 'loyala', 'college', 'settlement']",-0.6369
135,"['jagdish', 'kumar', 'apology', 'behalf', 'comment', 'people', 'come', 'specific', 'pentecostal', 'church', 'tell', 'hate', 'hindu', 'agree', 'sermon', 'roman', 'catholic', 'church', 'think', 'take']",-0.25
136,"['father', 'face', 'karma']",0.0
137,"['think', 'rice', 'bag', 'dont', 'believe', 'karma', 'sad', 'day', 'rice', 'bag', 'milk', 'powder']",0.3724
138,"['father', 'stan', 'go', 'heaven', 'chaiwala', 'chela', 'ch', 'go', 'hell']",-0.3182
139,"['lata', 'raymond', 'okyou', 'follow', 'asap']",0.0
140,"['take', 'ur', 'whole', 'family', 'ur', 'come', 'hell', 'faltu']",-0.6808
141,"['lata', 'raymond', 'prove', 'quotborn', 'sinnerquot', 'sin', 'think', 'toopity']",-0.5574
142,"['people', 'arrest', 'year', 'back', 'nothing', 'suddenly', 'people', 'cry', 'horse', 'deathbtwhe', 'die', 'pvt', 'hospitaland', 'sure', 'would', 'like', 'enquiry', 'negligence', 'hospital']",0.0139
143,"['ya', 'right', 'everyone', 'apart', 'bhakts', 'bjp', 'member', 'urban', 'naxal', 'maoist', 'anti', 'national', 'today', 'india']",-0.3182
144,"['ur', 'human', 'inside', 'u', 'dead']",-0.6486
145,"['michael', 'brite', 'yes', 'sympathy', 'people', 'kill', 'innocent', 'people']",0.2263
146,"['cute', 'baccha', 'tell', 'kill', 'innocent', 'people', 'kill', 'one', 'missionary', 'n', 'two', 'son', 'year', 'orissawho', 'kill', 'priest', 'pull', 'liver', 'n', 'lung', 'n', 'put', 'cross', 'road', 'kill', 'priest', 'n', 'cut']",-0.9552
147,"['michael', 'brite', 'stop', 'talk', 'nonsense', 'shameless', 'creature', 'plunder', 'loot', 'people', 'name', 'christ']",-0.743
148,"['cute', 'baccha', 'u', 'saw', 'get', 'lose', 'man']",0.0772
149,"['cute', 'baccha', 'u', 'first', 'stop', 'ur', 'nonsense']",-0.2263
150,"['michael', 'brite', 'indian', 'channel', 'get', 'lose']",-0.4019
151,"['dont', 'know', 'nia', 'sure', 'celebrate', 'guy', 'home', 'town', 'there', 'nothing', 'could', 'wish', 'he', 'rot', 'naragam']",0.123
152,"['death', 'murder']",-0.8625
153,"['jai', 'prakashi', 'appal', 'hear', 'kind', 'conscience']",0.5267
154,"['jai', 'prakashthick', 'skin', 'fellow']",0.0
155,"['daphne', 'thick', 'skin', 'live', 'amongst', 'lot']",0.0
156,"['dudewhy', 'involve', 'motherthis', 'judicial', 'murder']",-0.6908
157,"['alive', 'one', 'speak', 'death', 'express', 'outragehypocrites', 'thy', 'name', 'indian']",-0.3182
158,"['lol', 'live', 'forever', 'since', 'carry', 'evangelism', 'heathen', 'support', 'naxalites', 'kudos']",0.8316
159,"['sanatani', 'first', 'low', 'fall', 'human', 'right', 'activist', 'people', 'like', 'black', 'mark', 'hinduism', 'end', 'day', 'life', 'work', 'sacrifice', 'label']",0.1027
160,"['surya', 'ravi', 'lol', 'zimmi', 'talk', 'hinduism', 'support', 'antihindu', 'evangelist', 'naxalite', 'every', 'jihadi', 'naxalite', 'india', 'claim', 'human', 'right', 'activist', 'wonder', 'come', 'single', 'one', 'come', 'support', 'kashmiri', 'hin']",0.802
161,"['sanatani', 'first', 'man', 'really', 'desperate', 'butthurt', 'reply', 'comment']",-0.3804
162,"['lol', 'convert', 'field', 'day', 'today']",0.4215
163,"['judiciary', 'country', 'bro', 'belong', 'clan', 'time', 'people', 'country', 'question', 'hold', 'judge', 'accountability']",0.0
164,"['hinduism', 'exist', 'year', 'think', 'old', 'man', 'go', 'convert', 'hindu', 'christian', 'wake', 'man']",0.0
165,"['judicial', 'murder']",-0.6908
166,"['gopal', 'sriniwasan', 'lol', 'gopal', 'srinivasnan', 'name', 'apologist', 'naxalite', 'evangelist']",0.4215
167,"['low', 'knowledge', 'fr', 'stan', 'swamy', 'read']",-0.2732
168,"['edna', 'jam', 'absolutely', 'disagree']",-0.4391
169,"['edna', 'jam', 'u', 'people', 'bcoz', 'christian', 'support', 'blindly', 'maoist', 'naxal', 'support']",0.6597
170,"['yes', 'think', 'murder', 'u', 'murder', 'many', 'become', 'self', 'proclaim', 'activist', 'ur', 'non', 'violent', 'ur']",-0.9118
171,"['sofia', 'auddy', 'andh', 'bhakto', 'ki', 'koi', 'kami', 'nahi', 'hai', 'bmera', 'bharat']",0.0
172,"['good', 'chamchagodi', 'key', 'board', 'warriorhe', 'jail', 'evidiencewhile', 'pragiya', 'thakur', 'convict', 'evidence', 'member', 'parliament']",0.4404
173,"['power', 'especially', 'judicial', 'power', 'kill', 'innocent', 'priest', 'liable', 'pay', 'heavy', 'price']",-0.6077
174,"['amal', 'raj', 'innocentnice', 'joke']",0.296
175,"['fool', 'say', 'evidence', 'careful', 'tarnish', 'image', 'person', 'baseless', 'bakwaas', 'uapa', 'bakwas', 'hai', 'murder', 'voiceless', 'powerless']",-0.8807
176,"['dennismurmu', 'sdb', 'frustrate']",-0.4588
177,"['anti', 'indian']",-0.3182
178,['per'],0.0
179,"['adivasis', 'underprivileged']",0.0
180,"['jam', 'watkins', 'shame', 'government', 'independence', 'still', 'underprivileged', 'country', 'condemn', 'first', 'rather', 'make', 'stupid', 'statement']",-0.8442
181,"['jam', 'watkins', 'worry', 'earth', 'soon', 'clesned', 'quotborn', 'sinnersquotand', 'lord', 'happy']",0.2023
182,"['die', 'cardiac', 'arrest', 'anyone', 'could', 'cardiac', 'arrest']",-0.8271
183,"['tomorrow', 'u', 'r', 'book', 'falsely', 'n', 'jail', 'n', 'u', 'ask', 'medical', 'bail', 'n', 'get', 'reject', 'n', 'u', 'side', 'heart', 'attack', 'take', 'normally', 'okay']",-0.5994
184,"['michael', 'brite', 'know', 'innocent']",0.34
185,"['ashish', 'sharma', 'fair', 'case', 'tomorrow', 'u', 'get', 'arrest', 'falsely', 'n', 'people', 'say', 'know', 'wether', 'u', 'r', 'innocent']",0.3182
186,"['michael', 'brite', 'court', 'always', 'examine', 'evidence', 'bail', 'remember', 'uapa', 'bail', 'grant', 'delhi', 'case']",0.3612
187,"['ashish', 'sharma', 'yeahafter', 'many', 'plea']",0.0
188,"['michael', 'brite', 'atleast', 'get', 'bail', 'uapa']",0.0
189,"['ashish', 'sharma', 'big', 'deal', 'leave', 'free', 'first', 'bail', 'even', 'pregnant', 'woman', 'imprison']",0.4767
190,"['michael', 'brite', 'provision', 'bail', 'first', 'instance', 'accuse', 'book', 'uapa', 'condition', 'bail', 'depend', 'upon', 'material', 'evidence', 'provide', 'prosecution', 'defense', 'pregnancy', 'condition', 'bail', 'first', 'instance']",-0.5423
191,"['ashish', 'sharma', 'first', 'place', 'r', 'even', 'book', 'uapa', 'kill', 'anyonethey', 'protest', 'right', 'protest']",-0.8271
192,"['michael', 'brite', 'book', 'uapa', 'might', 'evidence', 'upto', 'court', 'grant', 'bail', 'right', 'protest', 'make', 'loophole', 'hide', 'misdeed', 'moreover', 'stan', 'swamy', 'die', 'cardiac']",-0.6249
193,"['yeah', 'like', 'fr', 'stan', 'shame', 'raise', 'voice', 'govt', 'n', 'r', 'jail', 'terrorist', 'law', 'shame']",-0.802
194,"['michael', 'brite', 'know', 'reality', 'let', 'law', 'take', 'course']",0.0
195,"['half', 'knowledge', 'dangerous']",-0.4767
196,"['edna', 'jam', 'true']",0.4215
197,"['ur', 'antinational', 'hindu', 'support', 'antinational']",0.4019
198,"['mohd', 'ghani', 'badwa', 'patriot', 'love', 'india', 'modi', 'government']",0.6369
199,"['best', 'hope', 'lol', 'hinduhating', 'monotheistic', 'cult', 'nothing', 'india', 'ramachandran', 'also', 'convert', 'since', 'ashamed', 'naxalite', 'dy', 'natural', 'death', 'sadhu', 'lynch', 'christian', 'convert']",0.6597
200,"['sanatani', 'first', 'gobar', 'head', 'need', 'certificate', 'patriotic']",0.0
201,"['best', 'hope', 'lol', 'convert', 'sell', 'soul', 'church', 'abuse', 'hindu', 'heathen', 'every', 'sunday', 'abuse', 'hindu', 'god', 'satan', 'abuse', 'hindu', 'gobar', 'head', 'sure', 'patriotic', 'tell', 'next', 'joke', 'goa', 'inquisition', 'love']",0.5994
202,"['sanatani', 'first', 'weaked', 'creature', 'waste', 'time', 'come', 'let', 'teach', 'little', 'real', 'n', 'live', 'god', 'christian', 'r', 'convert', 'child', 'real', 'n', 'live', 'god', 'create', 'heaven', 'n', 'earth', 'word', 'n', 'word', 'jesus', 'christ']",0.6454
203,"['sanatani', 'first', 'read', 'buddhist', 'persecution', 'hindu', 'king', 'upper', 'caste', 'persecution', 'lower', 'caste', 'sanatani', 'history', 'pious', 'either', 'go', 'tend', 'cow']",-0.296
204,"['internet', 'user', 'problem', 'want', 'slide', 'economic', 'spectrum', 'cant', 'stop', 'anyone', 'shoot', 'hisher', 'foot', 'time']",0.1341
205,"['sanatani', 'first', 'india', 'toh', 'kyafull', 'earth', 'n', 'heaven', 'belong', 'u', 'belong', 'creator', 'create', 'heaven', 'earth', 'include', 'sad', 'coz', 'choose', 'hell', 'jesus', 'christ', 'son', 'live', 'god']",0.2732
206,"['sense', 'spread', 'hatred', 'accuse', 'spread', 'hatred', 'need', 'read', 'love', 'give', 'poor', 'amp', 'destitute', 'phrase', 'quotmissed', 'busquot', 'use', 'person', 'indeliberately', 'leaf', 'certain', 'thoughtideathought', 'relevant', 'scheme', 'thing', 'act', 'hatred', 'voluntarily', 'plan', 'well', 'think', 'act', 'quotmiss', 'busquot', 'opinion', 'highly', 'contradictory', 'require', 'explanation', 'moreover', 'halt', 'ignorant', 'stooge', 'fascist', 'look', 'get', 'rid', 'first', 'opportunity', 'get', 'hand']",-0.9099
207,['ifs'],0.0
208,"['another', 'christian', 'love', 'another', 'bigot']",0.6369
209,"['love', 'lol', 'cult', 'kill', 'million', 'name', 'pagansheathens', 'carry', 'inquisition', 'wipe', 'civilization', 'talk', 'love', 'bigot']",0.6486
210,"['sanatani', 'first', 'present', 'lynch']",0.0
211,"['jock', 'lol', 'jock', 'compare', 'handful', 'lynch', 'do', 'villager', 'thief', 'systematic', 'lynch', 'nonbeliever', 'do', 'million', 'last', 'yearssuch', 'good', 'christian', 'sure', 'go', 'heaven', 'nice', 'way', 'whitewa']",0.8658
212,"['sanatani', 'first', 'like', 'comment', 'feel', 'insecure', 'bully', 'kid']",-0.5423
213,"['jock', 'insecure', 'yahweh', 'would', 'burn', 'hell', 'anyone', 'follow', 'go', 'read', 'bible', 'old', 'testament', 'learn', 'insecureand', 'never', 'choir', 'boy', 'never', 'plaything', 'padre', 'go']",-0.8126
214,"['sanatani', 'first', 'insecure', 'duck', 'bark', 'filth', 'guess', 'forget', 'rice', 'bag', 'aid', 'come', 'western', 'country']",-0.5719
215,"['sanatani', 'first', 'civilization', 'talk', 'one', 'north', 'south', 'america', 'tribe', 'massacre', 'one', 'another', 'local', 'culture', 'primitive', 'language', 'alphabetic', 'write', 'practice', 'ag']",0.0
216,"['sanatani', 'first', 'sadvis', 'sadhu']",0.0
217,['q'],0.0
218,"['sanatani', 'first', 'sir', 'could', 'please', 'respond', 'lata', 'raymond', 'u', 'better', 'quit', 'comment', 'get', 'ready', 'abuse']",0.3612
219,"['johny', 'bappa', 'johny', 'johny', 'yes', 'papa', 'ise', 'heathen', 'hindu', 'every', 'sunday', 'sermon', 'say', 'surprise', 'cult', 'supremacist', 'exclusivist', 'irrational', 'regressive', 'cult', 'kille']",0.4404
220,"['sanatani', 'first', 'u', 'want', 'christian']",0.0772
221,"['jonas', 'markam', 'seriously', 'argument', 'want', 'evangelist', 'throw', 'perform', 'heal', 'session', 'western', 'country', 'dupe', 'harvest', 'soul', 'instead', 'denigrate', 'destroy', 'culture']",-0.836
222,"['people', 'without', 'conscience', 'sleep', 'peacefully', 'arm', 'demonic']",-0.4168
223,"['cow', 'precious', 'human', 'country', 'right']",0.5719
224,"['dinagaran', 'ur', 'mentality', 'show', 'fundamentalist', 'injustice', 'need', 'bring', 'cow']",-0.5719
225,"['unless', 'usa', 'impose', 'sanction', 'india', 'nothing', 'change']",-0.296
226,"['vinod', 'yadav', 'course', 'name', 'cow', 'people', 'lynch', 'human', 'one', 'take', 'action']",0.0
227,"['michael', 'brite', 'cow', 'holy', 'animal', 'everyone', 'know', 'conversion', 'factory', 'run', 'christian', 'misinory', 'people', 'already', 'convert', 'new', 'survey', 'show']",0.0
228,"['gurinder', 'singh', 'usa', 'biggest', 'human', 'right', 'abuser']",-0.5574
229,"['vinod', 'yadav', 'u', 'mean', 'conversion', 'factory', 'even', 'r', 'convert', 'u', 'care', 'u', 'remain', 'faithful', 'ur', 'religion', 'bro']",0.7269
230,"['michael', 'brite', 'care', 'government', 'give', 'message', 'activist', 'involve', 'conversion', 'face', 'heet']",0.4939
231,"['vinod', 'yadav', 'christian', 'country', 'government', 'tell', 'ur', 'guru', 'mind', 'ur', 'business', 'n', 'convert', 'would', 'cool']",0.3182
232,"['michael', 'brite', 'convert']",0.0
233,"['vinod', 'yadav', 'stop', 'ur', 'lie', 'man', 'ur', 'guru', 'set', 'class', 'name', 'yoga', 'n', 'convert', 'movementthis', 'movementn', 'r', 'bring', 'india', 'different', 'ashram', 'n', 'r', 'induct', 'ur', 'ritual', 'hypocrite']",-0.296
234,"['michael', 'brite', 'happen', 'convert', 'respect', 'believe', 'faith', 'celebrate', 'festival', 'friend', 'oppose', 'conversion', 'cause', 'distance', 'community']",0.9432
235,"['v', 'true']",0.4215
236,"['v', 'true']",0.4215
237,"['yo', 'mad', 'fellow', 'place', 'preach', 'gospel', 'cause', 'people', 'like', 'u', 'christianity', 'get', 'worse', 'imageknow', 'u', 'preach', 'n', 'preach']",-0.5859
238,"['shame', 'discriminate', 'society']",-0.4767
239,"['shame', 'government', 'year', 'independence', 'still', 'poverty']",-0.7506
240,"['whats', 'deal', 'bengali']",0.0
241,"['trust', 'govt', 'missionary', 'ulterior', 'motif']",0.5106
242,"['alvanor', 'elf', 'another', 'devil', 'like', 'govt', 'unpad', 'people', 'become', 'pm']",-0.4404
243,"['lata', 'raymond', 'atleast', 'become', 'naxals', 'blindly', 'get', 'influence', 'fake', 'concept', 'ideology']",-0.4767
244,"['alvanor', 'elf', 'ur', 'hurt', 'put', 'u', 'speak', 'like', 'freak']",-0.5859
245,"['lata', 'raymond', 'hurt', 'lol', 'speak', 'fact', 'call', 'hurt', 'ur', 'language']",-0.6124
246,"['lata', 'raymond', 'look', 'name', 'lata', 'raymond', 'grandfather', 'convert']",0.0
247,"['akshay', 'g', 'least', 'become', 'better', 'personwhile', 'still', 'stick', 'namelol']",0.4404
248,"['samurai', 'josh', 'come', 'another', 'convert']",0.0
249,"['clever', 'try', 'kuwait', 'provide', 'fund']",0.4588
250,"['swapan', 'chakravarthy', 'bring', 'kuwait']",0.0
251,"['surprise', 'incompetent', 'govt', 'rule', 'country']",-0.25
252,"['sad', 'day', 'fir', 'christian', 'missionary']",-0.4767
253,"['cute', 'baccha', 'u', 'cow', 'tend']",0.4588
254,"['syladin', 'stormlight', 'u', 'reply', 'register', 'fall', 'trap', 'polarise', 'create', 'atmosphere', 'suspicion', 'witch', 'hunt']",-0.6486
255,"['rituraj', 'u', 'r', 'ryt']",0.0
256,"['social', 'activist', 'think', 'change', 'dictionary']",0.0
257,"['wt', 'business', 'father', 'near', 'adhivasis', 'certainly', 'suspicious', 'trust', 'govt', 'missionary', 'ulterior', 'motif']",0.4939
258,"['chase', 'missionary']",0.0
259,"['indeed', 'dark', 'day', 'indian', 'democracy', 'death', 'stir', 'u']",-0.5994
260,"['cute', 'baccha', 'sad', 'day', 'humanity', 'understand']",-0.0258
261,"['syladin', 'stormlight', 'poor', 'strew', 'urchin', 'convert', 'promise', 'gram', 'rice', 'whats', 'grandpops', 'name', 'muniswamy', 'muniyappa', 'bet']",-0.2023
262,"['guy', 'please', 'ignore', 'alvanor', 'elf', 'id', 'suggest', 'elf', 'brain']",-0.0516
263,"['johny', 'bapparice', 'bag', 'convert']",0.0
264,"['syladin', 'stormlight', 'nun', 'attend', 'wait', 'order', 'vatican', 'guy', 'blot', 'indian', 'society', 'follow', 'faith', 'destroy', 'half', 'world']",-0.1779
265,"['oh', 'yeh', 'provide', 'bail', 'every', 'naxalite', 'since', 'hindu', 'zimmis', 'demand']",-0.128
266,"['shame', 'u', 'activist', 'jail', 'corrupt', 'let', 'lose']",-0.7003
267,"['cant', 'people', 'work', 'poor', 'provide', 'tribals', 'religion', 'tribals', 'religion', 'year', 'give', 'take', 'kind', 'help', 'service', 'cant', 'selfless', 'return', 'service', 'may', 'wish', 'check', 'dr', 'prakash', 'amte', 'family', 'work', 'without', 'change', 'religion']",0.8848
268,"['never', 'work', 'silently', 'exploit', 'support', 'pillage', 'fund', 'government', 'day']",0.4581
269,"['bla', 'work', 'missionary', 'ashivasis', 'good', 'example', 'set', 'govt']",0.4404
270,"['alvanor', 'elf', 'u', 'modis', 'chamcha']",0.0
271,"['lata', 'raymond', 'anti', 'missionary', 'anti', 'communist', 'prove', 'involve', 'one', 'conversion', 'activity']",-0.5574
272,"['lata', 'raymond', 'maoist']",0.0
273,"['alvanor', 'elf', 'dont', 'prove', 'do', 'something', 'wronga', 'devil', 'like', 'u', 'always', 'aniti', 'missionary', 'community', 'people', 'shetered', 'missionary', 'also', 'industreialist', 'u', 'know', 'exactly', 'missionary', 'help']",-0.0516
274,"['kerala', 'maharashtra', 'chattisgarhpunjabdelhi', 'bengal', 'evm', 'use']",0.0
275,"['hahaha', 'think', 'like', 'looser']",0.7269
276,"['lynch', 'sadhu', 'sir']",0.0
277,"['stan', 'lynch', 'government']",0.0
278,"['talk', 'accuse', 'people', 'possess', 'neutrality', 'lynch', 'saddhu', 'indeed', 'heartwrenching', 'say', 'reaction', 'every', 'channel', 'newspaper', 'report', 'condemn', 'perpetrator', 'godi', 'medium', 'go', 'overboard', 'first', 'blame', 'muslim', 'say', 'muslim', 'name', 'hear', 'audio', 'turn', 'false', 'blame', 'commie', 'missionary', 'even', 'sonia', 'gandhi', 'vatican', 'without', 'iota', 'proof', 'nobody', 'even', 'raise', 'finger', 'gujarat', 'police', 'turn', 'back', 'border', 'late', 'night', 'rate', 'lynchers', 'arrest', 'almost', 'certain', 'mistake', 'kidnapper', 'blame', 'minority', 'even', 'crime', 'commit', 'people', 'temerity', 'talk', 'neutrality', 'doubt', 'diploma', 'whataboutery', 'arnab', 'universityfrstan', 'murder', 'arrest', 'instead', 'celebrate']",-0.9709
