,Reply,Published,sentiment
274,"['kerala', 'maharashtra', 'chattisgarhpunjabdelhi', 'bengal', 'evm', 'use']",2021-07-05T18:25:09Z,0.0
276,"['lynch', 'sadhu', 'sir']",2021-07-05T18:37:57Z,0.0
266,"['shame', 'u', 'activist', 'jail', 'corrupt', 'let', 'lose']",2021-07-05T18:44:38Z,-0.7003
277,"['stan', 'lynch', 'government']",2021-07-05T18:54:36Z,0.0
267,"['cant', 'people', 'work', 'poor', 'provide', 'tribals', 'religion', 'tribals', 'religion', 'year', 'give', 'take', 'kind', 'help', 'service', 'cant', 'selfless', 'return', 'service', 'may', 'wish', 'check', 'dr', 'prakash', 'amte', 'family', 'work', 'without', 'change', 'religion']",2021-07-05T21:58:23Z,0.8848
249,"['clever', 'try', 'kuwait', 'provide', 'fund']",2021-07-06T01:23:25Z,0.4588
268,"['never', 'work', 'silently', 'exploit', 'support', 'pillage', 'fund', 'government', 'day']",2021-07-06T01:24:35Z,0.4581
222,"['people', 'without', 'conscience', 'sleep', 'peacefully', 'arm', 'demonic']",2021-07-06T01:32:51Z,-0.4168
238,"['shame', 'discriminate', 'society']",2021-07-06T03:54:50Z,-0.4767
251,"['surprise', 'incompetent', 'govt', 'rule', 'country']",2021-07-06T03:56:32Z,-0.25
167,"['low', 'knowledge', 'fr', 'stan', 'swamy', 'read']",2021-07-06T03:57:44Z,-0.2732
235,"['v', 'true']",2021-07-06T03:57:53Z,0.4215
236,"['v', 'true']",2021-07-06T03:58:00Z,0.4215
195,"['half', 'knowledge', 'dangerous']",2021-07-06T04:00:07Z,-0.4767
223,"['cow', 'precious', 'human', 'country', 'right']",2021-07-06T04:03:32Z,0.5719
168,"['edna', 'jam', 'absolutely', 'disagree']",2021-07-06T04:08:00Z,-0.4391
196,"['edna', 'jam', 'true']",2021-07-06T04:18:19Z,0.4215
182,"['die', 'cardiac', 'arrest', 'anyone', 'could', 'cardiac', 'arrest']",2021-07-06T04:31:43Z,-0.8271
172,"['good', 'chamchagodi', 'key', 'board', 'warriorhe', 'jail', 'evidiencewhile', 'pragiya', 'thakur', 'convict', 'evidence', 'member', 'parliament']",2021-07-06T04:47:42Z,0.4404
252,"['sad', 'day', 'fir', 'christian', 'missionary']",2021-07-06T05:07:12Z,-0.4767
143,"['ya', 'right', 'everyone', 'apart', 'bhakts', 'bjp', 'member', 'urban', 'naxal', 'maoist', 'anti', 'national', 'today', 'india']",2021-07-06T05:33:49Z,-0.3182
278,"['talk', 'accuse', 'people', 'possess', 'neutrality', 'lynch', 'saddhu', 'indeed', 'heartwrenching', 'say', 'reaction', 'every', 'channel', 'newspaper', 'report', 'condemn', 'perpetrator', 'godi', 'medium', 'go', 'overboard', 'first', 'blame', 'muslim', 'say', 'muslim', 'name', 'hear', 'audio', 'turn', 'false', 'blame', 'commie', 'missionary', 'even', 'sonia', 'gandhi', 'vatican', 'without', 'iota', 'proof', 'nobody', 'even', 'raise', 'finger', 'gujarat', 'police', 'turn', 'back', 'border', 'late', 'night', 'rate', 'lynchers', 'arrest', 'almost', 'certain', 'mistake', 'kidnapper', 'blame', 'minority', 'even', 'crime', 'commit', 'people', 'temerity', 'talk', 'neutrality', 'doubt', 'diploma', 'whataboutery', 'arnab', 'universityfrstan', 'murder', 'arrest', 'instead', 'celebrate']",2021-07-06T05:41:21Z,-0.9709
250,"['swapan', 'chakravarthy', 'bring', 'kuwait']",2021-07-06T05:45:50Z,0.0
224,"['dinagaran', 'ur', 'mentality', 'show', 'fundamentalist', 'injustice', 'need', 'bring', 'cow']",2021-07-06T05:57:55Z,-0.5719
225,"['unless', 'usa', 'impose', 'sanction', 'india', 'nothing', 'change']",2021-07-06T05:58:04Z,-0.296
164,"['hinduism', 'exist', 'year', 'think', 'old', 'man', 'go', 'convert', 'hindu', 'christian', 'wake', 'man']",2021-07-06T06:17:41Z,0.0
173,"['power', 'especially', 'judicial', 'power', 'kill', 'innocent', 'priest', 'liable', 'pay', 'heavy', 'price']",2021-07-06T06:22:37Z,-0.6077
207,['ifs'],2021-07-06T06:23:04Z,0.0
136,"['father', 'face', 'karma']",2021-07-06T06:23:43Z,0.0
177,"['anti', 'indian']",2021-07-06T06:24:24Z,-0.3182
275,"['hahaha', 'think', 'like', 'looser']",2021-07-06T06:26:55Z,0.7269
174,"['amal', 'raj', 'innocentnice', 'joke']",2021-07-06T06:31:32Z,0.296
124,"['probably', 'fake', 'account', 'get', 'lose', 'everyone', 'talk', 'state', 'dont', 'bring', 'religion']",2021-07-06T06:35:35Z,-0.7003
169,"['edna', 'jam', 'u', 'people', 'bcoz', 'christian', 'support', 'blindly', 'maoist', 'naxal', 'support']",2021-07-06T06:42:07Z,0.6597
170,"['yes', 'think', 'murder', 'u', 'murder', 'many', 'become', 'self', 'proclaim', 'activist', 'ur', 'non', 'violent', 'ur']",2021-07-06T06:43:50Z,-0.9118
121,"['see', 'thing', 'even', 'blind', 'people', 'see', 'thing', 'beyond', 'monochromatic', 'set', 'propaganda', 'even', 'healthy', 'eyesight']",2021-07-06T07:01:01Z,-0.25
120,['thank'],2021-07-06T08:25:56Z,0.3612
178,['per'],2021-07-06T08:27:38Z,0.0
179,"['adivasis', 'underprivileged']",2021-07-06T08:29:10Z,0.0
125,"['bring', 'religion']",2021-07-06T08:32:03Z,0.0
183,"['tomorrow', 'u', 'r', 'book', 'falsely', 'n', 'jail', 'n', 'u', 'ask', 'medical', 'bail', 'n', 'get', 'reject', 'n', 'u', 'side', 'heart', 'attack', 'take', 'normally', 'okay']",2021-07-06T08:33:59Z,-0.5994
226,"['vinod', 'yadav', 'course', 'name', 'cow', 'people', 'lynch', 'human', 'one', 'take', 'action']",2021-07-06T08:35:15Z,0.0
184,"['michael', 'brite', 'know', 'innocent']",2021-07-06T08:35:45Z,0.34
144,"['ur', 'human', 'inside', 'u', 'dead']",2021-07-06T08:37:47Z,-0.6486
237,"['yo', 'mad', 'fellow', 'place', 'preach', 'gospel', 'cause', 'people', 'like', 'u', 'christianity', 'get', 'worse', 'imageknow', 'u', 'preach', 'n', 'preach']",2021-07-06T08:39:55Z,-0.5859
112,"['make', 'saint']",2021-07-06T08:40:47Z,0.0
185,"['ashish', 'sharma', 'fair', 'case', 'tomorrow', 'u', 'get', 'arrest', 'falsely', 'n', 'people', 'say', 'know', 'wether', 'u', 'r', 'innocent']",2021-07-06T08:44:15Z,0.3182
186,"['michael', 'brite', 'court', 'always', 'examine', 'evidence', 'bail', 'remember', 'uapa', 'bail', 'grant', 'delhi', 'case']",2021-07-06T08:51:13Z,0.3612
253,"['cute', 'baccha', 'u', 'cow', 'tend']",2021-07-06T08:56:54Z,0.4588
171,"['sofia', 'auddy', 'andh', 'bhakto', 'ki', 'koi', 'kami', 'nahi', 'hai', 'bmera', 'bharat']",2021-07-06T08:58:30Z,0.0
197,"['ur', 'antinational', 'hindu', 'support', 'antinational']",2021-07-06T09:02:08Z,0.4019
156,"['dudewhy', 'involve', 'motherthis', 'judicial', 'murder']",2021-07-06T09:14:52Z,-0.6908
157,"['alive', 'one', 'speak', 'death', 'express', 'outragehypocrites', 'thy', 'name', 'indian']",2021-07-06T09:16:33Z,-0.3182
114,"['india', 'wealthy', 'n', 'politically', 'connect', 'powerful']",2021-07-06T09:17:38Z,0.6486
165,"['judicial', 'murder']",2021-07-06T09:17:56Z,-0.6908
126,"['court', 'sleepingthe', 'judiciary', 'power', 'investigate', 'agency']",2021-07-06T09:19:19Z,0.0
145,"['michael', 'brite', 'yes', 'sympathy', 'people', 'kill', 'innocent', 'people']",2021-07-06T09:24:34Z,0.2263
122,"['sirhe', 'also', 'fight', 'languish', 'jail', 'without', 'trialshame', 'judiciary']",2021-07-06T09:36:00Z,-0.3818
187,"['ashish', 'sharma', 'yeahafter', 'many', 'plea']",2021-07-06T09:36:28Z,0.0
188,"['michael', 'brite', 'atleast', 'get', 'bail', 'uapa']",2021-07-06T09:40:34Z,0.0
146,"['cute', 'baccha', 'tell', 'kill', 'innocent', 'people', 'kill', 'one', 'missionary', 'n', 'two', 'son', 'year', 'orissawho', 'kill', 'priest', 'pull', 'liver', 'n', 'lung', 'n', 'put', 'cross', 'road', 'kill', 'priest', 'n', 'cut']",2021-07-06T09:42:38Z,-0.9552
189,"['ashish', 'sharma', 'big', 'deal', 'leave', 'free', 'first', 'bail', 'even', 'pregnant', 'woman', 'imprison']",2021-07-06T09:44:41Z,0.4767
190,"['michael', 'brite', 'provision', 'bail', 'first', 'instance', 'accuse', 'book', 'uapa', 'condition', 'bail', 'depend', 'upon', 'material', 'evidence', 'provide', 'prosecution', 'defense', 'pregnancy', 'condition', 'bail', 'first', 'instance']",2021-07-06T09:51:57Z,-0.5423
191,"['ashish', 'sharma', 'first', 'place', 'r', 'even', 'book', 'uapa', 'kill', 'anyonethey', 'protest', 'right', 'protest']",2021-07-06T09:56:06Z,-0.8271
192,"['michael', 'brite', 'book', 'uapa', 'might', 'evidence', 'upto', 'court', 'grant', 'bail', 'right', 'protest', 'make', 'loophole', 'hide', 'misdeed', 'moreover', 'stan', 'swamy', 'die', 'cardiac']",2021-07-06T10:01:23Z,-0.6249
193,"['yeah', 'like', 'fr', 'stan', 'shame', 'raise', 'voice', 'govt', 'n', 'r', 'jail', 'terrorist', 'law', 'shame']",2021-07-06T10:06:23Z,-0.802
147,"['michael', 'brite', 'stop', 'talk', 'nonsense', 'shameless', 'creature', 'plunder', 'loot', 'people', 'name', 'christ']",2021-07-06T10:12:30Z,-0.743
148,"['cute', 'baccha', 'u', 'saw', 'get', 'lose', 'man']",2021-07-06T10:15:41Z,0.0772
149,"['cute', 'baccha', 'u', 'first', 'stop', 'ur', 'nonsense']",2021-07-06T10:18:57Z,-0.2263
198,"['mohd', 'ghani', 'badwa', 'patriot', 'love', 'india', 'modi', 'government']",2021-07-06T10:19:23Z,0.6369
194,"['michael', 'brite', 'know', 'reality', 'let', 'law', 'take', 'course']",2021-07-06T10:24:30Z,0.0
208,"['another', 'christian', 'love', 'another', 'bigot']",2021-07-06T11:22:00Z,0.6369
209,"['love', 'lol', 'cult', 'kill', 'million', 'name', 'pagansheathens', 'carry', 'inquisition', 'wipe', 'civilization', 'talk', 'love', 'bigot']",2021-07-06T11:22:50Z,0.6486
77,"['bigot', 'timeline', 'come', 'support', 'maoist', 'thug']",2021-07-06T11:23:23Z,0.4019
129,"['lol', 'convert', 'christianity', 'every', 'heathen', 'go', 'hell', 'wonder', 'comment', 'christian', 'support', 'naxalite']",2021-07-06T11:24:12Z,-0.0258
199,"['best', 'hope', 'lol', 'hinduhating', 'monotheistic', 'cult', 'nothing', 'india', 'ramachandran', 'also', 'convert', 'since', 'ashamed', 'naxalite', 'dy', 'natural', 'death', 'sadhu', 'lynch', 'christian', 'convert']",2021-07-06T11:25:28Z,0.6597
115,"['gopal', 'sriniwasan', 'lol', 'another', 'dhimmi', 'naxalite', 'get', 'full', 'support', 'every', 'single', 'christian', 'leave', 'thug']",2021-07-06T11:26:02Z,0.6486
265,"['oh', 'yeh', 'provide', 'bail', 'every', 'naxalite', 'since', 'hindu', 'zimmis', 'demand']",2021-07-06T11:26:45Z,-0.128
162,"['lol', 'convert', 'field', 'day', 'today']",2021-07-06T11:27:02Z,0.4215
127,"['true', 'servant', 'jejus', 'relentlessly', 'work', 'heathen', 'hindu', 'wipe', 'evangelise', 'yeh']",2021-07-06T11:27:43Z,0.4215
74,"['lol', 'justice', 'define', 'naxalites', 'yeh']",2021-07-06T11:28:14Z,0.7351
150,"['michael', 'brite', 'indian', 'channel', 'get', 'lose']",2021-07-06T11:29:06Z,-0.4019
158,"['lol', 'live', 'forever', 'since', 'carry', 'evangelism', 'heathen', 'support', 'naxalites', 'kudos']",2021-07-06T11:30:06Z,0.8316
166,"['gopal', 'sriniwasan', 'lol', 'gopal', 'srinivasnan', 'name', 'apologist', 'naxalite', 'evangelist']",2021-07-06T11:31:17Z,0.4215
200,"['sanatani', 'first', 'gobar', 'head', 'need', 'certificate', 'patriotic']",2021-07-06T12:03:58Z,0.0
201,"['best', 'hope', 'lol', 'convert', 'sell', 'soul', 'church', 'abuse', 'hindu', 'heathen', 'every', 'sunday', 'abuse', 'hindu', 'god', 'satan', 'abuse', 'hindu', 'gobar', 'head', 'sure', 'patriotic', 'tell', 'next', 'joke', 'goa', 'inquisition', 'love']",2021-07-06T12:09:52Z,0.5994
75,"['sanatani', 'first', 'consider', 'age', 'n', 'influence', 'state', 'feel', 'weak']",2021-07-06T12:18:25Z,-0.4404
254,"['syladin', 'stormlight', 'u', 'reply', 'register', 'fall', 'trap', 'polarise', 'create', 'atmosphere', 'suspicion', 'witch', 'hunt']",2021-07-06T12:21:49Z,-0.6486
255,"['rituraj', 'u', 'r', 'ryt']",2021-07-06T12:44:57Z,0.0
180,"['jam', 'watkins', 'shame', 'government', 'independence', 'still', 'underprivileged', 'country', 'condemn', 'first', 'rather', 'make', 'stupid', 'statement']",2021-07-06T13:40:07Z,-0.8442
163,"['judiciary', 'country', 'bro', 'belong', 'clan', 'time', 'people', 'country', 'question', 'hold', 'judge', 'accountability']",2021-07-06T13:54:47Z,0.0
52,"['oh', 'shut', 'pleaseat', 'least', 'today', 'sake']",2021-07-06T14:06:00Z,0.0
76,"['bravohow', 'low', 'culture', 'come']",2021-07-06T14:07:00Z,-0.2732
57,"['mr', 'ignorance', 'peak', 'without', 'delve', 'reality']",2021-07-06T14:31:49Z,-0.3612
142,"['people', 'arrest', 'year', 'back', 'nothing', 'suddenly', 'people', 'cry', 'horse', 'deathbtwhe', 'die', 'pvt', 'hospitaland', 'sure', 'would', 'like', 'enquiry', 'negligence', 'hospital']",2021-07-06T14:35:23Z,0.0139
111,"['wish', 'majorityso', 'accept', 'go', 'country', 'feel', 'give', 'justice', 'per', 'wish']",2021-07-06T14:37:31Z,0.886
78,"['lord', 'say', 'sheep', 'meek', 'accept', 'faithi', 'sure', 'true', 'follower', 'lord']",2021-07-06T14:40:56Z,0.7717
79,"['meek', 'whose', 'history', 'full', 'ethnic', 'cleanse', 'genocide', 'lol']",2021-07-06T14:42:44Z,0.4215
206,"['sense', 'spread', 'hatred', 'accuse', 'spread', 'hatred', 'need', 'read', 'love', 'give', 'poor', 'amp', 'destitute', 'phrase', 'quotmissed', 'busquot', 'use', 'person', 'indeliberately', 'leaf', 'certain', 'thoughtideathought', 'relevant', 'scheme', 'thing', 'act', 'hatred', 'voluntarily', 'plan', 'well', 'think', 'act', 'quotmiss', 'busquot', 'opinion', 'highly', 'contradictory', 'require', 'explanation', 'moreover', 'halt', 'ignorant', 'stooge', 'fascist', 'look', 'get', 'rid', 'first', 'opportunity', 'get', 'hand']",2021-07-06T14:54:53Z,-0.9099
210,"['sanatani', 'first', 'present', 'lynch']",2021-07-06T15:03:32Z,0.0
50,"['true', 'sir']",2021-07-06T15:07:52Z,0.4215
211,"['jock', 'lol', 'jock', 'compare', 'handful', 'lynch', 'do', 'villager', 'thief', 'systematic', 'lynch', 'nonbeliever', 'do', 'million', 'last', 'yearssuch', 'good', 'christian', 'sure', 'go', 'heaven', 'nice', 'way', 'whitewa']",2021-07-06T15:10:36Z,0.8658
212,"['sanatani', 'first', 'like', 'comment', 'feel', 'insecure', 'bully', 'kid']",2021-07-06T15:14:23Z,-0.5423
213,"['jock', 'insecure', 'yahweh', 'would', 'burn', 'hell', 'anyone', 'follow', 'go', 'read', 'bible', 'old', 'testament', 'learn', 'insecureand', 'never', 'choir', 'boy', 'never', 'plaything', 'padre', 'go']",2021-07-06T15:19:01Z,-0.8126
214,"['sanatani', 'first', 'insecure', 'duck', 'bark', 'filth', 'guess', 'forget', 'rice', 'bag', 'aid', 'come', 'western', 'country']",2021-07-06T15:23:53Z,-0.5719
53,"['mean', 'police', 'maharastra', 'help', 'lynch', 'palghar', 'sadhu', 'decent']",2021-07-06T15:40:30Z,0.4019
128,['fact'],2021-07-06T16:07:41Z,0.0
80,"['wiseman', 'say', 'screw', 'kid', 'become', 'bishop']",2021-07-06T16:58:51Z,-0.1027
137,"['think', 'rice', 'bag', 'dont', 'believe', 'karma', 'sad', 'day', 'rice', 'bag', 'milk', 'powder']",2021-07-06T17:05:01Z,0.3724
151,"['dont', 'know', 'nia', 'sure', 'celebrate', 'guy', 'home', 'town', 'there', 'nothing', 'could', 'wish', 'he', 'rot', 'naragam']",2021-07-06T17:08:16Z,0.123
116,"['sanatani', 'first', 'dumbo', 'naxalites', 'use', 'lotus', 'government', 'n', 'r', 'election', 'time', 'kill', 'soldier', 'country', 'patriotism', 'drama', 'n', 'put', 'blame', 'others']",2021-07-06T18:14:41Z,-0.7964
81,"['sanatani', 'first', 'weaked', 'creature', 'heart', 'trouble']",2021-07-06T18:17:12Z,-0.4019
82,"['bona', 'rodrigues', 'come', 'another', 'true', 'christian', 'belief', 'hindu', 'creature', 'pagan', 'get', 'hell', 'cult', 'sick', 'teach']",2021-07-06T18:20:19Z,-0.7269
202,"['sanatani', 'first', 'weaked', 'creature', 'waste', 'time', 'come', 'let', 'teach', 'little', 'real', 'n', 'live', 'god', 'christian', 'r', 'convert', 'child', 'real', 'n', 'live', 'god', 'create', 'heaven', 'n', 'earth', 'word', 'n', 'word', 'jesus', 'christ']",2021-07-06T18:50:08Z,0.6454
215,"['sanatani', 'first', 'civilization', 'talk', 'one', 'north', 'south', 'america', 'tribe', 'massacre', 'one', 'another', 'local', 'culture', 'primitive', 'language', 'alphabetic', 'write', 'practice', 'ag']",2021-07-06T20:46:24Z,0.0
54,"['srinath', 'shrothrium', 'regular', 'viewer', 'republic', 'time']",2021-07-06T20:55:30Z,0.0
83,"['bona', 'rodrigues', 'whats', 'weaked', 'creature', 'miss', 'thats', 'happen', 'convert', 'piece', 'bread', 'bag', 'rice', 'alleluia', 'praise', 'laude']",2021-07-07T00:12:00Z,0.4588
84,"['bona', 'rodrigues', 'say', 'quotborn', 'sinnerquot']",2021-07-07T01:16:11Z,0.0
181,"['jam', 'watkins', 'worry', 'earth', 'soon', 'clesned', 'quotborn', 'sinnersquotand', 'lord', 'happy']",2021-07-07T01:18:17Z,0.2023
55,"['police', 'maharastra', 'help', 'lynch', 'palghar', 'sadhu']",2021-07-07T01:20:41Z,0.4019
130,"['sanatani', 'first', 'shift', 'goal', 'post', 'per', 'convenience', 'call', 'activist', 'quothuman', 'rightsquot', 'applicable', 'sadhu', 'phalagar']",2021-07-07T02:04:34Z,0.0
24,"['look', 'real', 'matter', 'humanity', 'christian', 'govt', 'happen', 'religious', 'persontotal', 'injustice']",2021-07-07T02:29:41Z,-0.5574
40,"['learn', 'truth', 'first', 'gaddhar', 'kill', 'thousand', 'innocent', 'people']",2021-07-07T04:47:09Z,-0.25
85,"['sanatani', 'first', 'quotmaoist', 'thug', 'quotcan', 'list', 'charge', 'prove', 'quotthug', 'quot', 'court', 'without', 'curse', 'abuse', 'anyone']",2021-07-07T04:52:32Z,0.7366
41,"['shri', 'peter', 'narayan', 'know', 'fact', 'first', 'reply', 'reply', 'sadful']",2021-07-07T06:06:46Z,0.0
15,"['india', 'today', 'leave', 'lobby', 'call', 'human', 'right', 'activist', 'sadhu', 'lynch', 'palghar', 'human', 'be']",2021-07-07T06:40:56Z,-0.0258
256,"['social', 'activist', 'think', 'change', 'dictionary']",2021-07-07T07:14:16Z,0.0
175,"['fool', 'say', 'evidence', 'careful', 'tarnish', 'image', 'person', 'baseless', 'bakwaas', 'uapa', 'bakwas', 'hai', 'murder', 'voiceless', 'powerless']",2021-07-07T07:23:09Z,-0.8807
159,"['sanatani', 'first', 'low', 'fall', 'human', 'right', 'activist', 'people', 'like', 'black', 'mark', 'hinduism', 'end', 'day', 'life', 'work', 'sacrifice', 'label']",2021-07-07T07:28:58Z,0.1027
117,"['bona', 'rodrigues']",2021-07-07T07:33:51Z,0.0
203,"['sanatani', 'first', 'read', 'buddhist', 'persecution', 'hindu', 'king', 'upper', 'caste', 'persecution', 'lower', 'caste', 'sanatani', 'history', 'pious', 'either', 'go', 'tend', 'cow']",2021-07-07T07:39:46Z,-0.296
160,"['surya', 'ravi', 'lol', 'zimmi', 'talk', 'hinduism', 'support', 'antihindu', 'evangelist', 'naxalite', 'every', 'jihadi', 'naxalite', 'india', 'claim', 'human', 'right', 'activist', 'wonder', 'come', 'single', 'one', 'come', 'support', 'kashmiri', 'hin']",2021-07-07T07:59:07Z,0.802
138,"['father', 'stan', 'go', 'heaven', 'chaiwala', 'chela', 'ch', 'go', 'hell']",2021-07-07T08:40:49Z,-0.3182
13,"['foolwe', 'support', 'truehes', 'chowkidar']",2021-07-07T08:43:13Z,0.4019
86,"['wise', 'people', 'say', 'bjp', 'people', 'r', 'die', 'cancer']",2021-07-07T08:50:18Z,-0.7351
87,"['jai', 'prakash', 'believe', 'screw', 'pm', 'become', 'clown']",2021-07-07T09:05:27Z,-0.1027
88,"['sanatani', 'first', 'say', 'guy', 'vote', 'religious', 'extremist']",2021-07-07T09:06:32Z,0.0
89,"['shomik', 'basuray', 'lol', 'thug', 'shout', 'slogan', 'court', 'afzal', 'guru', 'give', 'sentence', 'thug']",2021-07-07T09:19:05Z,0.4767
7,"['frstan', 'real', 'hero', 'adivasi', 'always', 'remember', 'among', 'adivasi']",2021-07-07T09:24:38Z,0.5574
90,"['sanatani', 'first', 'perhaps', 'comprehension', 'issuescould', 'please', 'address', 'question', 'ask']",2021-07-07T09:48:54Z,0.3182
91,"['shomik', 'basuray', 'address', 'maybe', 'go', 'search', 'chargesheet', 'activity', 'also', 'look', 'youtube', 'video', 'socalled', 'human', 'right', 'activist', 'jihadis', 'maoist', 'nothing', 'secretive']",2021-07-07T10:19:17Z,0.0
10,"['u', 'guy', 'two', 'innocent', 'saint', 'lynch', 'phalgarconversions', 'anti', 'national', 'activity', 'state', 'tolerate']",2021-07-07T10:30:02Z,0.0258
161,"['sanatani', 'first', 'man', 'really', 'desperate', 'butthurt', 'reply', 'comment']",2021-07-07T10:30:25Z,-0.3804
11,"['remember', 'dispensation', 'control', 'vatican', 'journalist', 'like', 'guy', 'merit', 'congress', 'agent', 'bark', 'modiji', 'whenever', 'get', 'chance', 'make', 'difference']",2021-07-07T10:32:34Z,0.743
92,"['lata', 'raymond', 'kind', 'wisdom', 'quotborn', 'sinnersquot', 'utterly', 'disgust']",2021-07-07T11:06:31Z,0.3832
139,"['lata', 'raymond', 'okyou', 'follow', 'asap']",2021-07-07T11:20:59Z,0.0
176,"['dennismurmu', 'sdb', 'frustrate']",2021-07-07T11:21:55Z,-0.4588
16,"['feel', 'get', 'lose']",2021-07-07T11:26:08Z,-0.4019
152,"['death', 'murder']",2021-07-07T11:48:23Z,-0.8625
17,"['death', 'murder']",2021-07-07T11:48:46Z,-0.8625
18,"['manmath', 'singhdeo']",2021-07-07T12:14:21Z,0.0
59,"['leave', 'paradiseasap']",2021-07-07T12:18:07Z,-0.0516
239,"['shame', 'government', 'year', 'independence', 'still', 'poverty']",2021-07-07T12:19:52Z,-0.7506
19,['humanity'],2021-07-07T12:24:01Z,0.0
20,"['manmath', 'singhdeo', 'say', 'slave']",2021-07-07T12:36:00Z,0.0
21,"['death', 'murder']",2021-07-07T12:43:10Z,-0.8625
12,"['gobar', 'bhakt', 'allegation', 'prove', 'fight', 'right', 'exploit', 'vulnerable', 'section', 'society', 'never', 'bow', 'greedy', 'corporates', 'govt', 'hero']",2021-07-07T14:21:00Z,0.1685
58,"['community', 'take', 'care', 'innocent', 'adivasis', 'dalits', 'instead', 'trample', 'need', 'community', 'step', 'help']",2021-07-07T15:21:50Z,0.8074
14,"['right', 'think', 'people', 'know', 'recognise', 'truth', 'mr', 'pant', 'comment', 'hold', 'value']",2021-07-07T15:26:56Z,0.5719
26,"['really', 'u', 'wher', 'sleep', 'fr', 'rip', 'miss', 'u', 'fr']",2021-07-07T15:49:27Z,-0.1531
93,"['lata', 'raymond', 'least', 'dont', 'lick', 'random', 'dvd', 'cure', 'cancer', 'rice', 'bag', 'shame', 'seem']",2021-07-07T16:47:39Z,-0.8176
8,"['live', 'saint', 'also', 'dead', 'rice', 'bag', 'confuse']",2021-07-07T16:50:06Z,-0.7351
240,"['whats', 'deal', 'bengali']",2021-07-07T16:52:55Z,0.0
43,"['trust', 'govt', 'missionary', 'ulterior', 'motif']",2021-07-07T17:00:13Z,0.5106
42,"['trust', 'govt', 'missionary', 'ulterior', 'motif']",2021-07-07T17:00:29Z,0.5106
27,"['trust', 'govt', 'missionary', 'ulterior', 'motif']",2021-07-07T17:00:44Z,0.5106
241,"['trust', 'govt', 'missionary', 'ulterior', 'motif']",2021-07-07T17:01:10Z,0.5106
60,['lol'],2021-07-07T17:01:43Z,0.4215
61,"['father', 'swami', 'name', 'tell', 'lot', 'thing', 'chance', 'twist', 'man', 'trust', 'govt', 'missionary', 'ulterior', 'motif']",2021-07-07T17:02:32Z,0.6486
51,"['r', 'save', 'must', 'convert']",2021-07-07T17:03:15Z,0.4939
257,"['wt', 'business', 'father', 'near', 'adhivasis', 'certainly', 'suspicious', 'trust', 'govt', 'missionary', 'ulterior', 'motif']",2021-07-07T17:04:16Z,0.4939
258,"['chase', 'missionary']",2021-07-07T17:04:52Z,0.0
131,"['trust', 'govt', 'missionary', 'ulterior', 'motif', 'missionary', 'r', 'dark']",2021-07-07T17:06:05Z,0.5106
94,"['trust', 'govt', 'missionary', 'ulterior', 'motif']",2021-07-07T17:07:38Z,0.5106
95,"['medium', 'waste', 'time', 'mischief', 'missionary']",2021-07-07T17:08:21Z,-0.6486
269,"['bla', 'work', 'missionary', 'ashivasis', 'good', 'example', 'set', 'govt']",2021-07-07T17:09:35Z,0.4404
96,"['alvanor', 'elf', 'im', 'christian', 'language', 'medias', 'modern', 'day', 'juda', 'know', 'backstabbing', 'luke', 'abrahamic', 'cult']",2021-07-07T17:12:43Z,0.0
97,"['jai', 'prakash', 'see', 'rich', 'wisdom', 'india', 'realize', 'mischief', 'abrahamic', 'religion', 'r', 'try', 'play', 'bring', 'indian', 'native', 'religion', 'indian', 'wisdom', 'greater', 'anything', 'world']",2021-07-07T17:23:04Z,0.9153
132,"['alvanor', 'elf', 'exactly']",2021-07-07T17:43:16Z,0.0
64,"['btw', 'responsibility', 'prison', 'department', 'take', 'care', 'himwhich', 'come', 'state', 'govtmva', 'govt']",2021-07-07T18:27:33Z,-0.0258
65,"['sindhoor', 'rai', 'dont', 'want', 'bring', 'little', 'creature', 'central', 'agency', 'like', 'nia', 'compromise', 'even', 'bother', 'state', 'machinery', 'ofcourse', 'blame', 'think', 'lowly', 'creature', 'even', 'bring', 'bl']",2021-07-07T19:17:58Z,-0.0572
25,"['first', 'change', 'indian', 'constitution', 'make', 'india', 'fascist', 'country', 'like', 'taliban', 'put', 'everyone', 'bar', 'oppose', 'government']",2021-07-08T05:21:56Z,-0.2732
227,"['michael', 'brite', 'cow', 'holy', 'animal', 'everyone', 'know', 'conversion', 'factory', 'run', 'christian', 'misinory', 'people', 'already', 'convert', 'new', 'survey', 'show']",2021-07-08T06:40:21Z,0.0
228,"['gurinder', 'singh', 'usa', 'biggest', 'human', 'right', 'abuser']",2021-07-08T06:41:10Z,-0.5574
229,"['vinod', 'yadav', 'u', 'mean', 'conversion', 'factory', 'even', 'r', 'convert', 'u', 'care', 'u', 'remain', 'faithful', 'ur', 'religion', 'bro']",2021-07-08T06:44:23Z,0.7269
48,"['yes', 'agree']",2021-07-08T06:46:26Z,0.6369
9,"['convertionconvertionis', 'main', 'aim', 'police', 'officer', 'good', 'record', 'indian', 'bear', 'community', 'tolerate', 'loose', 'talk', 'crook', 'anchor', 'unless', 'indian', 'bear', 'community', 'wake', 'criminal', 'pretend', 'innocent', 'saradesai', 'mischief', 'republic', 'day', 'show', 'anti', 'national', 'color']",2021-07-08T06:47:13Z,-0.6808
230,"['michael', 'brite', 'care', 'government', 'give', 'message', 'activist', 'involve', 'conversion', 'face', 'heet']",2021-07-08T06:48:43Z,0.4939
231,"['vinod', 'yadav', 'christian', 'country', 'government', 'tell', 'ur', 'guru', 'mind', 'ur', 'business', 'n', 'convert', 'would', 'cool']",2021-07-08T06:54:30Z,0.3182
232,"['michael', 'brite', 'convert']",2021-07-08T06:57:29Z,0.0
233,"['vinod', 'yadav', 'stop', 'ur', 'lie', 'man', 'ur', 'guru', 'set', 'class', 'name', 'yoga', 'n', 'convert', 'movementthis', 'movementn', 'r', 'bring', 'india', 'different', 'ashram', 'n', 'r', 'induct', 'ur', 'ritual', 'hypocrite']",2021-07-08T07:08:32Z,-0.296
234,"['michael', 'brite', 'happen', 'convert', 'respect', 'believe', 'faith', 'celebrate', 'festival', 'friend', 'oppose', 'conversion', 'cause', 'distance', 'community']",2021-07-08T07:22:59Z,0.9432
98,"['alvanor', 'elf', 'stop', 'go', 'catholic', 'country', 'missionary', 'rescue', 'rap', 'hindu', 'girl', 'country', 'cant', 'even', 'provide', 'justice', 'shame', 'govt']",2021-07-08T08:26:13Z,-0.5826
99,"['jai', 'prakash', 'soon', 'u', 'lick', 'thing', 'ur', 'suppose']",2021-07-08T08:30:06Z,0.0
140,"['take', 'ur', 'whole', 'family', 'ur', 'come', 'hell', 'faltu']",2021-07-08T08:32:40Z,-0.6808
216,"['sanatani', 'first', 'sadvis', 'sadhu']",2021-07-08T08:35:30Z,0.0
242,"['alvanor', 'elf', 'another', 'devil', 'like', 'govt', 'unpad', 'people', 'become', 'pm']",2021-07-08T08:36:26Z,-0.4404
62,"['alvanor', 'elf', 'u', 'seem', 'twist', 'judge', 'others', 'cheap', 'u']",2021-07-08T08:37:54Z,0.0
133,"['jagdish', 'kumar', 'govt', 'useless', 'cant', 'wvn', 'anything', 'rape', 'victim', 'counry', 'worst', 'state']",2021-07-08T08:39:00Z,-0.6442
270,"['alvanor', 'elf', 'u', 'modis', 'chamcha']",2021-07-08T08:39:49Z,0.0
134,"['lata', 'raymond', 'talk', 'priest', 'involve', 'child', 'abuse', 'name', 'religiontalk', 'recent', 'kerala', 'incident', 'madras', 'loyala', 'college', 'settlement']",2021-07-08T09:33:35Z,-0.6369
100,"['lata', 'raymond', 'see', 'comment', 'many', 'place', 'seem', 'person', 'full', 'hate', 'venom', 'feel', 'sorry', 'christian', 'like', 'world']",2021-07-08T09:50:23Z,-0.3612
135,"['jagdish', 'kumar', 'apology', 'behalf', 'comment', 'people', 'come', 'specific', 'pentecostal', 'church', 'tell', 'hate', 'hindu', 'agree', 'sermon', 'roman', 'catholic', 'church', 'think', 'take']",2021-07-08T09:55:06Z,-0.25
243,"['lata', 'raymond', 'atleast', 'become', 'naxals', 'blindly', 'get', 'influence', 'fake', 'concept', 'ideology']",2021-07-08T10:17:59Z,-0.4767
271,"['lata', 'raymond', 'anti', 'missionary', 'anti', 'communist', 'prove', 'involve', 'one', 'conversion', 'activity']",2021-07-08T10:19:47Z,-0.5574
2,"['christianwe', 'become', 'christ', 'like']",2021-07-08T10:41:33Z,0.3612
66,"['social', 'activist', 'work', 'upliftment', 'downtrodden', 'consider', 'terrorist', 'call', 'largest', 'democracy', 'mockery', 'democracy']",2021-07-08T11:29:54Z,-0.7906
141,"['lata', 'raymond', 'prove', 'quotborn', 'sinnerquot', 'sin', 'think', 'toopity']",2021-07-08T11:33:22Z,-0.5574
56,"['people', 'change', 'sad']",2021-07-08T12:15:40Z,-0.4767
272,"['lata', 'raymond', 'maoist']",2021-07-08T12:31:44Z,0.0
153,"['jai', 'prakashi', 'appal', 'hear', 'kind', 'conscience']",2021-07-08T15:34:47Z,0.5267
5,"['accord', 'bring', 'case', 'trial', 'achieve', 'keep', 'jail', 'neither', 'bail', 'trial', 'except', 'bad', 'publicity', 'international', 'press']",2021-07-08T15:37:46Z,-0.5423
1,"['surely', 'train', 'tribals', 'take', 'arm', 'sure', 'please', 'tell', 'u', 'connect', 'elghar', 'parishad', 'plot', 'kill', 'pm']",2021-07-08T15:48:42Z,0.2023
28,"['yes', 'india', 'judiciary', 'keep', 'eye', 'close', 'see', 'section', 'act', 'witch', 'operate', 'head', 'political', 'authority', 'run', 'government']",2021-07-08T16:53:29Z,0.128
259,"['indeed', 'dark', 'day', 'indian', 'democracy', 'death', 'stir', 'u']",2021-07-08T17:23:04Z,-0.5994
260,"['cute', 'baccha', 'sad', 'day', 'humanity', 'understand']",2021-07-08T17:24:08Z,-0.0258
49,"['planprayers', 'responsiblemay', 'realise', 'do', 'old', 'man', 'burden', 'heavy', 'doubt']",2021-07-08T17:31:00Z,-0.6597
67,"['sindhoor', 'rai', 'cud', 'hv', 'send', 'nia', 'bollywood', 'mafiaswhy', 'theywere', 'kind', 'racket', 'exist', 'old', 'man', 'threat', 'disgust']",2021-07-08T17:34:27Z,-0.5994
154,"['jai', 'prakashthick', 'skin', 'fellow']",2021-07-08T17:35:37Z,0.0
3,"['mathias', 'dear', 'mathias', 'carbon', 'copy', 'u', 'believe', 'god', 'create', 'christ', 'need', 'create', 'mathias', 'thats', 'fine', 'nature', 'cheer', 'fellow']",2021-07-08T17:50:31Z,0.9001
4,"['truth', 'seeker', 'important', 'point', 'everything', 'god', 'need', 'cheer', 'live', 'water', 'give', 'christ']",2021-07-08T18:28:56Z,0.8176
155,"['daphne', 'thick', 'skin', 'live', 'amongst', 'lot']",2021-07-08T20:33:05Z,0.0
6,"['think', 'leave', 'india']",2021-07-08T22:34:42Z,-0.0516
29,"['fool', 'admit', 'hospital', 'last', 'month', 'jail']",2021-07-08T22:48:09Z,-0.2732
30,"['dipesh', 'kumar', 'roll', 'aba', 'gobar', 'admit', 'jail', 'apply', 'bail', 'n', 'reject', 'honorable', 'court']",2021-07-09T07:17:26Z,0.3818
110,"['indian', 'government', 'kill', 'people']",2021-07-09T16:46:15Z,-0.6908
217,['q'],2021-07-09T16:51:11Z,0.0
261,"['syladin', 'stormlight', 'poor', 'strew', 'urchin', 'convert', 'promise', 'gram', 'rice', 'whats', 'grandpops', 'name', 'muniswamy', 'muniyappa', 'bet']",2021-07-10T03:50:26Z,-0.2023
31,"['alvanor', 'elf', 'trust', 'stupid', 'comment']",2021-07-10T07:03:47Z,-0.0258
273,"['alvanor', 'elf', 'dont', 'prove', 'do', 'something', 'wronga', 'devil', 'like', 'u', 'always', 'aniti', 'missionary', 'community', 'people', 'shetered', 'missionary', 'also', 'industreialist', 'u', 'know', 'exactly', 'missionary', 'help']",2021-07-10T07:09:25Z,-0.0516
218,"['sanatani', 'first', 'sir', 'could', 'please', 'respond', 'lata', 'raymond', 'u', 'better', 'quit', 'comment', 'get', 'ready', 'abuse']",2021-07-10T07:12:17Z,0.3612
101,"['ur', 'bear', 'sinner']",2021-07-10T07:13:52Z,0.0
244,"['alvanor', 'elf', 'ur', 'hurt', 'put', 'u', 'speak', 'like', 'freak']",2021-07-10T07:15:05Z,-0.5859
262,"['guy', 'please', 'ignore', 'alvanor', 'elf', 'id', 'suggest', 'elf', 'brain']",2021-07-10T07:16:12Z,-0.0516
102,"['jai', 'prakash', 'evil', 'people', 'say', 'screw', 'saas', 'saas', 'bahu', 'serial', 'make', 'hrd', 'minister']",2021-07-10T07:16:34Z,-0.7003
219,"['johny', 'bappa', 'johny', 'johny', 'yes', 'papa', 'ise', 'heathen', 'hindu', 'every', 'sunday', 'sermon', 'say', 'surprise', 'cult', 'supremacist', 'exclusivist', 'irrational', 'regressive', 'cult', 'kille']",2021-07-10T07:29:18Z,0.4404
103,"['lata', 'raymond', 'speak', 'like', 'true', 'christian', 'hide', 'mean', 'vulgar', 'mindset', 'hope', 'mr', 'raymond', 'lick', 'like']",2021-07-10T07:32:53Z,0.8402
104,"['lata', 'raymond', 'look', 'who', 'talk', 'follower', 'guy', 'bear', 'wedlock', 'short', 'illegitimate', 'offspring', 'alleluia']",2021-07-10T07:35:02Z,0.0
72,['amenn'],2021-07-10T07:51:59Z,0.0
245,"['lata', 'raymond', 'hurt', 'lol', 'speak', 'fact', 'call', 'hurt', 'ur', 'language']",2021-07-10T10:10:54Z,-0.6124
22,"['yes', 'bjp', 'currupt', 'govt', 'want', 'hide', 'mistake', 'like', 'remain', 'long', 'god', 'show', 'right', 'way', 'amp', 'right', 'punishment', 'soon']",2021-07-10T12:14:38Z,0.0772
23,"['chinnappa', 'joseph', 'say', 'quotborn', 'sinnersquot']",2021-07-10T13:06:19Z,0.0
105,"['sanatani', 'first', 'better', 'fact', 'check', 'innocent', 'even', 'trick', 'brand', 'moaist', 'jump', 'conclusion', 'stand', 'outcast', 'system', 'brand', 'lower', 'bir']",2021-07-10T13:21:30Z,0.4404
106,"['g', 'anne', 'nithiya', 'lol', 'another', 'convert', 'stand', 'father', 'typically', 'monotheistic', 'supremacist', 'behave', 'check', 'fact', 'plenty', 'anybody', 'stand', 'naxalites', 'human', 'right', 'activistthese', 'ifs', 'thug', 'f']",2021-07-10T13:40:03Z,0.5106
107,"['sanatani', 'first', 'naxalite', 'huhh', 'great', 'wisdom', 'sorry', 'name', 'give', 'u', 'right', 'brand', 'convert', 'great', 'heart', 'sorry', 'tamper', 'graciousness', 'long', 'live', 'dharma', 'reign']",2021-07-10T13:47:09Z,0.9371
108,"['g', 'anne', 'nithiya', 'please', 'spare', 'heathen', 'abuse', 'every', 'sunday', 'perhaps', 'everyday', 'case', 'hindu', 'another', 'zimmi', 'hate', 'fact', 'prefer', 'virtue', 'signal', 'instead', 'go', 'take', 'hike']",2021-07-10T14:43:03Z,-0.5859
32,"['gain', 'trp']",2021-07-10T14:54:24Z,0.5267
33,"['alvanor', 'elf', 'missionary', 'work', 'government', 'real', 'hero', 'stop', 'r', 'send', 'jail', 'help', 'u', 'much', 'covid', 'wave', 'one', 'help', 'u', 'government', 'also', 'missionary', 'help', 'jharkh']",2021-07-10T15:38:24Z,0.8591
34,"['adarsh', 'missionary', 'matter', 'wt', 'motive', 'pure', 'evil', 'govt', 'matter', 'responsibility', 'govt', 'reflection', 'society', 'take', 'responsibility', 'become', 'see']",2021-07-10T16:06:29Z,-0.6369
204,"['internet', 'user', 'problem', 'want', 'slide', 'economic', 'spectrum', 'cant', 'stop', 'anyone', 'shoot', 'hisher', 'foot', 'time']",2021-07-11T05:09:11Z,0.1341
118,"['xyz', 'abc', 'naxalites', 'teach', 'tribals', 'constitution', 'wow', 'dude', 'wow', 'somethingand', 'abuse', 'damn', 'man', 'must', 'yahweh', 'follower']",2021-07-11T10:50:21Z,0.1779
113,"['shame', 'judiciary', 'n', 'democracy', 'country']",2021-07-11T16:52:30Z,-0.4767
35,"['foreign', 'fund', 'white', 'guy', 'associate', 'stan', 'yr', 'india', 'promote', 'one', 'side', 'story', 'victim', 'card', 'fashion']",2021-07-11T23:24:29Z,0.128
123,['lol'],2021-07-12T07:53:44Z,0.4215
36,"['dipesh', 'kumar', 'roll', 'lately']",2021-07-14T11:48:56Z,0.0
109,"['another', 'elect', 'man', 'tell', 'criminal', 'let', 'go', 'habit']",2021-07-15T06:58:52Z,-0.5267
73,"['covid', 'come', 'punishment', 'whole', 'world', 'reject', 'gospel', 'jesus', 'persecution', 'follower', 'doubt']",2021-07-15T22:31:49Z,-0.8126
220,"['sanatani', 'first', 'u', 'want', 'christian']",2021-07-16T02:41:11Z,0.0772
221,"['jonas', 'markam', 'seriously', 'argument', 'want', 'evangelist', 'throw', 'perform', 'heal', 'session', 'western', 'country', 'dupe', 'harvest', 'soul', 'instead', 'denigrate', 'destroy', 'culture']",2021-07-16T05:24:57Z,-0.836
263,"['johny', 'bapparice', 'bag', 'convert']",2021-07-17T13:24:23Z,0.0
264,"['syladin', 'stormlight', 'nun', 'attend', 'wait', 'order', 'vatican', 'guy', 'blot', 'indian', 'society', 'follow', 'faith', 'destroy', 'half', 'world']",2021-07-17T13:25:08Z,-0.1779
246,"['lata', 'raymond', 'look', 'name', 'lata', 'raymond', 'grandfather', 'convert']",2021-07-17T13:26:14Z,0.0
44,"['yeah', 'give', 'people', 'like', 'stan', 'swamy', 'access', 'tribal', 'area', 'convert', 'cryptos', 'create', 'conspiracy', 'destroy', 'nation']",2021-07-17T13:27:42Z,-0.2732
68,"['live', 'life', 'fund', 'naxals', 'convert', 'poor', 'tribals', 'vote', 'government', 'destroy', 'people', 'like', 'devil', 'swamy', 'stand', 'every', 'soldier', 'murder', 'naxalites', 'order', 'money', 'missionary', 'mafia', 'run', 'people', 'like', 'stan', 'swamy']",2021-07-17T13:29:33Z,-0.9136
0,"['educate', 'rich', 'indian', 'want', 'settle', 'america', 'canada', 'australia', 'european', 'country']",2021-07-17T17:47:40Z,0.5994
37,"['year', 'old', 'die', 'due', 'corona', 'issue']",2021-07-18T12:43:09Z,-0.5994
38,"['shamsuddin', 'hanthiyar', 'need', 'bail']",2021-07-18T12:43:42Z,0.0
39,"['adarsh', 'christian', 'help', 'never', 'free']",2021-07-18T12:44:15Z,-0.0005
45,"['akshay', 'g', 'okay', 'go', 'educate', 'poor', 'tribals', 'open', 'school', 'orphanage', 'like', 'christian', 'untouchable']",2021-07-19T03:38:53Z,0.0772
46,"['relly', 'k', 'definitely', 'open', 'school', 'orphanage', 'convert', 'give', 'exchangei', 'jesus', 'soldier', 'show', 'fake', 'charity', 'conversion', 'fraudsters', 'destroy', 'bharat', 'name', 'conversion', 'fu']",2021-07-19T03:44:42Z,-0.8807
47,"['akshay', 'g', 'lol', 'ignorant', 'school', 'open', 'force', 'conversion', 'many', 'hindu', 'muslim', 'friend', 'catholic', 'school', 'studiedthere', 'many', 'indian', 'army', 'le', 'patrioticaltho']",2021-07-19T03:53:36Z,0.5994
69,"['akshay', 'g', 'say', 'regard', 'bomaby', 'high', 'court', 'quothearing', 'posthumously', 'appeal', 'file', 'bylate', 'jesuit', 'priest', 'stan', 'swamyin', 'bhimakoregaonelgaar', 'parishad', 'case', 'monday', 'bombay', 'high', 'court', 'remark', 'tribal', 'right', 'activi']",2021-07-19T19:37:33Z,0.0
70,"['ajay', 'choudhary', 'lol', 'entire', 'naxal', 'lobby', 'best', 'save', 'jesus', 'soldier', 'nothing', 'convert', 'poor', 'tribals', 'xtianity', 'come', 'choudhary', 'shamelessly', 'foolishly', 'defend', 'devil']",2021-07-20T11:41:12Z,0.503
71,"['akshay', 'g', 'guess', 'didnt', 'get', 'view', 'mumbai', 'high', 'court', 'say', 'presume', 'better', 'people', 'institutionsunless', 'way', 'smarter', 'save', 'sanity', 'country']",2021-07-20T11:56:28Z,0.8442
247,"['akshay', 'g', 'least', 'become', 'better', 'personwhile', 'still', 'stick', 'namelol']",2021-07-25T16:30:59Z,0.4404
205,"['sanatani', 'first', 'india', 'toh', 'kyafull', 'earth', 'n', 'heaven', 'belong', 'u', 'belong', 'creator', 'create', 'heaven', 'earth', 'include', 'sad', 'coz', 'choose', 'hell', 'jesus', 'christ', 'son', 'live', 'god']",2021-07-25T19:30:17Z,0.2732
248,"['samurai', 'josh', 'come', 'another', 'convert']",2021-07-27T14:07:13Z,0.0
63,"['guy', 'start', 'take', 'stand', 'terrorist', 'kitna', 'girroge']",2021-07-29T15:59:41Z,-0.6908
119,"['bona', 'rodrigues', 'another', 'true', 'christian', 'show', 'true', 'color']",2021-07-29T16:22:17Z,0.6808
